Time,Patch,WWWW,WWWR,WWWB,WWRR,WWRB,WWBB,WHWW,WHWR,WHWB,WHRR,WHRB,WHBB,HHWW,HHWR,HHWB,HHRR,HHRB,HHBB
0,1,250,0,0,0,0,0,0,0,0,0,0,0,0,0,0,0,0,0
2,1,252.959248858539,0,0,0,0,0,0,0,0,0,0,0,200,0,0,0,0,0
3,1,255.622572831225,0,0,0,0,0,0,0,0,0,0,0,180,0,0,0,0,0
4,1,258.019564406642,0,0,0,0,0,0,0,0,0,0,0,162,0,0,0,0,0
5,1,260.176856824517,0,0,0,0,0,0,0,0,0,0,0,145.8,0,0,0,0,0
6,1,262.118420000604,0,0,0,0,0,0,0,0,0,0,0,131.22,0,0,0,0,0
7,1,263.865826859083,0,0,0,0,0,0,0,0,0,0,0,118.098,0,0,0,0,0
8,1,265.438493031714,0,0,0,0,0,0,0,0,0,0,0,106.2882,0,0,0,0,0
9,1,266.853892587082,0,0,0,0,0,0,0,0,0,0,0,95.65938,0,0,0,0,0
10,1,268.127752186913,0,0,0,0,0,0,0,0,0,0,0,86.093442,0,0,0,0,0
11,1,269.274225826761,0,0,0,0,0,0,0,0,0,0,0,277.4840978,0,0,0,0,0
12,1,270.306052102624,0,0,0,0,0,0,0,0,0,0,0,249.73568802,0,0,0,0,0
13,1,271.234695750901,0,0,0,0,0,0,0,0,0,0,0,224.762119218,0,0,0,0,0
14,1,272.031296668613,0,0,0,0,0,0,0,0,0,0,0,202.2859072962,0,0,0,0,0
15,1,272.674166622055,0,0,0,0,0,0,0,0,0,0,0,182.05731656658,0,0,0,0,0
16,1,273.147672542702,0,0,0,0,0,0,0,0,0,0,0,163.851584909922,0,0,0,0,0
17,1,273.441260170161,0,0,0,0,0,0,0,0,0,0,0,147.46642641893,0,0,0,0,0
18,1,273.548604675824,0,0,0,0,0,0,0,0,0,0,0,132.719783777037,0,0,0,0,0
19,1,273.466875025541,0,0,0,0,0,0,0,0,0,0,0,119.447805399333,0,0,0,0,0
20,1,272.840092529886,0,0,0,0,0,0,0,1.3709139684673,0,0,0,107.5030248594,0,0,0,0,0
21,1,271.260029070689,0,0,0,0,0,0,0,3.73443270126512,0,0,0,296.75272237346,0,0,0,0,0
22,1,269.02037485525,0,0,0,0,0,0,0,6.78182677366063,0,0,0,267.077450136114,0,0,0,0,0
23,1,266.359156557303,0,0,0,0,0,0,0,10.2629520364548,0,0,0,240.369705122503,0,0,0,0,0
24,1,263.467575719535,0,0,0,0,0,0,0,13.9769793609731,0,0,0,216.332734610252,0,0,0,0,0
25,1,260.497478708393,0,0,0,0,0,0,0,17.7645437489189,0,0,0,194.699461149227,0,0,0,0,0
26,1,257.567825792289,0,0,0,0,0,0,0,21.5011039126291,0,0,0,175.229515034304,0,0,0,0,0
27,1,254.770249025586,0,0,0,0,0,0,0,25.0913056068626,0,0,0,157.706563530874,0,0,0,0,0
28,1,252.171708478998,0,0,0,0,0,0,0,28.4636362308678,0,0,0,141.935907177787,0,0,0,0,0
29,1,248.971131151,0,0,0,0,0,0,0,32.416833054689,0,0,0,127.742316460008,0,0,0,0,0
30,1,245.40229593985,0,0,0,0,0,0,0,36.7167987078628,0,0,0,114.968084814007,0,0,0,0,0
31,1,241.65740577485,0,0,0,0,0,0,0,41.1728609576905,0,0,0,303.471276332606,0,0,0,0,0
32,1,237.888726578521,0,0,0,0,0,0,0,45.6292364326621,0,0,0,273.124148699346,0,0,0,0,0
33,1,234.214490950125,0,0,0,0,0,0,0,49.9606263361239,0,0,0,245.811733829411,0,0,0,0,0
34,1,230.724283265742,0,0,0,0,0,0,0,54.0684190332659,0,0,0,221.23056044647,0,0,0,0,0
35,1,227.483460343016,0,0,0,0,0,0,0,57.8771749460694,0,0,0,199.107504401823,0,0,0,0,0
36,1,224.536887915831,0,0,0,0,0,0,0,61.3313951722341,0,0,0,179.196753961641,0,0,0,0,0
37,1,221.912147687609,0,0,0,0,0,0,0,64.3925764188618,0,0,0,161.277078565477,0,0,0,0,0
38,1,219.58715960501,0,0.0154867835046939,0,0,0,0,0,67.0392472162254,0,0,0.124654173867702,145.149370708929,0,0,0,0,0.0412236288886985
39,1,216.797356974934,0,0.0493608479395276,0,0,0,0,0,69.9473023556782,0,0,0.464421793390224,130.634433638036,0,0,0,0,0.212726286050178
40,1,213.675827757594,0,0.11076698690564,0,0,0,0,0,72.9354347646133,0,0,1.06180919691875,117.570990274233,0,0,0,0,0.530255707050538
41,1,210.336251552847,0,0.207650370106559,0,0,0,0,0,75.8706404348965,0,0,1.9308073293284,305.813891246809,0,0,0,0,0.991659296953012
42,1,206.875826993812,0,0.346558722500465,0,0,0,0,0,78.657784676164,0,0,3.06483350936765,275.232502122128,0,0,0,0,1.58303899160068
43,1,203.375731983726,0,0.532555603919804,0,0,0,0,0,81.2300341181675,0,0,4.44280924241451,247.709251909916,0,0,0,0,2.28329651261865
44,1,199.904255323256,0,0.769228830545731,0,0,0,0,0,83.5427598954356,0,0,6.03402466948965,222.938326718924,0,0,0,0,3.06756293054268
45,1,196.519049127258,0,1.05875419212345,0,0,0,0,0,85.5685975166235,0,0,7.80195603097005,200.644494047032,0,0,0,0,3.90971282525688
46,1,193.268594346782,0,1.40197771142887,0,0,0,0,0,87.2933214950484,0,0,9.70715960354373,180.580044642328,0,0,0,0,4.78412516937079
47,1,190.133552157262,0,1.80284041808413,0,0,0,0,0,88.688804691908,0,0,11.7891450202878,162.522040178096,0,0,0,0,5.69935113498092
48,1,187.100822923545,0,2.26414470180525,0,0,0,0,0,89.7472960207665,0,0,14.061714789469,146.269836160286,0,0,0,0,6.65351087392593
49,1,183.690985752932,0,2.72871246603175,0,0,0,0,0,90.9692384045703,0,0,16.5565286933769,131.642852544257,0,0,0,0,7.83831681319327
50,1,180.026400294256,0,3.20599692730235,0,0,0,0,0,92.246843611932,0,0,19.247961990429,118.478567289832,0,0,0,0,9.20556395983748
51,1,176.212750019972,0,3.70379010648159,0,0,0,0,0,93.501452667569,0,0,22.1015062375884,306.630710560849,0,0,0,0,10.7061730019979
52,1,172.341067936866,0,4.22833578423917,0,0,0,0,0,94.6772321096528,0,0,25.0774094968586,275.967639504764,0,0,0,0,12.2925454375128
53,1,168.487765240855,0,4.78432088719751,0,0,0,0,0,95.7346904649424,0,0,28.1328236500419,248.370875554287,0,0,0,0,13.9198680922482
54,1,164.717343505475,0,5.37502372964032,0,0,0,0,0,96.6473798976053,0,0,31.2242870040966,223.533787998859,0,0,0,0,15.5473747359696
55,1,161.084294193114,0,6.00244184617333,0,0,0,0,0,97.399074206028,0,0,34.3096013155209,201.180409198973,0,0,0,0,17.1391439560373
56,1,157.632457893783,0,6.66788000106521,0,0,0,0,0,97.98035534739,0,0,37.3501636726982,181.062368279075,0,0,0,0,18.6647184923346
57,1,154.350751506853,0,7.37052024962397,0,0,0,0,0,98.3612550727645,0,0,40.3774032888382,162.956131451168,0,0,0,0,20.1293643215067
58,1,151.228000012646,0,8.10983105050516,0,0,0,0,0,98.527987929313,0,0,43.4033202574516,146.660518306051,0,0,0,0,21.5317259534868
59,1,147.904369249046,0,8.79989335083979,0,0,0,0,0,98.8729090034851,0,0,46.4687553347285,131.994466475446,0,0,0,0,23.1011694672696
60,1,144.463608730904,0,9.45761869917895,0,0,0,0,0,99.3043020970113,0,0,49.5568224855078,118.795019827901,0,0,0,0,24.7816034765602
61,1,140.975722806312,0,10.0978535775532,0,0,0,0,0,99.7544750324322,0,0,52.6471510920686,306.915517845111,0,0,0,0,26.5222656493615
62,1,137.498826265683,0,10.7335676274799,0,0,0,0,0,100.174932431815,0,0,55.718046150231,276.2239660606,0,0,0,0,28.2785202960785
63,1,134.079599764234,0,11.3758243862336,0,0,0,0,0,100.531108138001,0,0,58.7468829670045,248.60156945454,0,0,0,0,30.0115478086653
64,1,130.755817335128,0,12.0340573326844,0,0,0,0,0,100.799957141588,0,0,61.7116441186653,223.741412509086,0,0,0,0,31.6885487487484
65,1,127.555315396814,0,12.7156567992232,0,0,0,0,0,100.964830080083,0,0,64.5897610876385,201.367271258178,0,0,0,0,33.2814925194653
66,1,124.497816596021,0,13.426317213949,0,0,0,0,0,101.014829101035,0,0,67.3600962511186,181.23054413236,0,0,0,0,34.7676791820828
67,1,121.569993501668,0,14.1647956086069,0,0,0,0,0,100.922755301191,0,0,70.0518505715055,163.107489719124,0,0,0,0,36.1552353169446
68,1,118.759284805021,0,14.9300463299242,0,0,0,0,0,100.675277694792,0,0,72.6810977888546,146.796740747211,0,0,0,0,37.4482765286818
69,1,115.822360917695,0,15.6201980740455,0,0,0,0,0,100.56269405719,0,0,75.3052950289083,132.11706667249,0,0,0,0,38.8711147763864
70,1,112.814179421062,0,16.2565713247103,0,0,0,0,0,100.515242572121,0,0,77.9157138390454,118.905360005241,0,0,0,0,40.3746972247886
71,1,109.780977698556,0,16.8577570234655,0,0,0,0,0,100.482558227976,0,0,80.5015054091097,307.014824004717,0,0,0,0,41.9159387046
72,1,106.761554421203,0,17.4399273375575,0,0,0,0,0,100.429753021058,0,0,83.0508767722324,276.313341604245,0,0,0,0,43.4577565974523
73,1,103.787520289645,0,18.0168585433911,0,0,0,0,0,100.333003626159,0,0,85.5506367993559,248.682007443821,0,0,0,0,44.9681671769216
74,1,100.884988941883,0,18.6003491455381,0,0,0,0,0,100.177623954947,0,0,87.9874880302988,223.813806699439,0,0,0,0,46.4202991739065
75,1,98.0738405066076,0,19.1996270439387,0,0,0,0,0,99.953483158058,0,0,90.346008197488,201.432426029495,0,0,0,0,47.7907278272607
76,1,95.3687989922339,0,19.8217382563723,0,0,0,0,0,99.6543836728921,0,0,92.6107110775811,181.289183426545,0,0,0,0,49.0601147959825
77,1,92.7631277210193,0,20.4640974955202,0,0,0,0,0,99.2566736028476,0,0,94.806269451201,163.160265083891,0,0,0,0,50.2375146029282
78,1,90.2506076671259,0,21.1244680132674,0,0,0,0,0,98.7480893519757,0,0,96.9464092312462,146.844238575502,0,0,0,0,51.3278684021348
79,1,87.6772857380869,0,21.6951662375693,0,0,0,0,0,98.3430189483417,0,0,99.0945735216807,132.159814717952,0,0,0,0,52.5378322147884
80,1,85.0801858991352,0,22.1993510306679,0,0,0,0,0,97.9891792841676,0,0,101.240610474956,118.943833246156,0,0,0,0,53.8222165014753
81,1,82.490413105978,0,22.65715008853,0,0,0,0,0,97.6492349467165,0,0,103.373745540129,307.049449921541,0,0,0,0,55.1416109035097
82,1,79.9339121059884,0,23.0860104573083,0,0,0,0,0,97.2976964839005,0,0,105.483422300574,276.344504929387,0,0,0,0,56.4623573031139
83,1,77.431450048481,0,23.5006360000313,0,0,0,0,0,96.9170713212966,0,0,107.558041718591,248.710054436448,0,0,0,0,57.7553122340045
84,1,74.9997085261854,0,23.9134321184357,0,0,0,0,0,96.4964342163149,0,0,109.586112893761,223.839048992803,0,0,0,0,58.995935112202
85,1,72.6510510408491,0,24.3340259901624,0,0,0,0,0,96.02806434038,0,0,111.554141937113,201.455144093523,0,0,0,0,60.1627597296696
86,1,70.3942593396186,0,24.7696885646929,0,0,0,0,0,95.5070352471004,0,0,113.448521464144,181.309629684171,0,0,0,0,61.2380121819997
87,1,68.224843999398,0,25.217778853755,0,0,0,0,0,94.9128227576872,0,0,115.285363144608,163.178666715754,0,0,0,0,62.2286180355711
88,1,66.1383741362197,0,25.6760016193187,0,0,0,0,0,94.2341305094827,0,0,117.072954724063,146.860800044178,0,0,0,0,63.1381700643504
89,1,64.0353312599371,0,26.0410750912627,0,0,0,0,0,93.6316989230666,0,0,118.876365324078,132.17472003976,0,0,0,0,64.1558049038846
90,1,61.9388437179911,0,26.3361124896391,0,0,0,0,0,93.0650864753702,0,0,120.683114608443,118.957248035784,0,0,0,0,65.2395269253203
91,1,59.8680680006079,0,26.5810930524185,0,0,0,0,0,92.5057001918514,0,0,122.481882452444,307.061523232206,0,0,0,0,66.3533278903523
92,1,57.8387090808973,0,26.7932386297205,0,0,0,0,0,91.9343462279155,0,0,124.262858927316,276.355370908985,0,0,0,0,67.4669498617901
93,1,55.8630210641429,0,26.9869696342674,0,0,0,0,0,91.3380570306896,0,0,126.015904704994,248.719833818087,0,0,0,0,68.55439702182
94,1,53.9505696156593,0,27.1743953459772,0,0,0,0,0,90.7090522927026,0,0,127.731465017457,223.847850436278,0,0,0,0,69.5939734136116
95,1,52.1081689062584,0,27.364933704136,0,0,0,0,0,90.0420531433362,0,0,129.397846233078,201.46306539265,0,0,0,0,70.5665348470493
96,1,50.3403876190987,0,27.5657414185648,0,0,0,0,0,89.3339846359447,0,0,131.002983118586,181.316758853385,0,0,0,0,71.4560998679405
97,1,48.6438271239518,0,27.7749420974032,0,0,0,0,0,88.5686168009755,0,0,132.556061225774,163.185082968047,0,0,0,0,72.2677864131047
98,1,47.0151139037147,0,27.9909190970534,0,0,0,0,0,87.7371290147669,0,0,134.060966404359,146.866574671242,0,0,0,0,73.0040645644508
99,1,45.390394723285,0,28.1209542713761,0,0,0,0,0,86.961495026113,0,0,135.58307535582,132.179917204118,0,0,0,0,73.8392609491876
100,1,43.7839101570515,0,28.1867876293865,0,0,0,0,0,86.2117126809904,0,0,137.108058831326,118.961925483706,0,0,0,0,74.7342965917906
101,1,42.2073601421206,0,28.2071656578921,0,0,0,0,0,85.467032710827,0,0,138.623980602735,107.065732935336,0,0,0,0,75.6560120054693
102,1,40.6702221378785,0,28.1981811414379,0,0,0,0,0,84.713966570013,0,0,140.121184442695,96.359159641802,0,0,0,0,76.5767607796679
103,1,39.179737041213,0,28.1732295012133,0,0,0,0,0,83.9436699037648,0,0,141.590049088167,86.7232436776218,0,0,0,0,77.4727901587059
104,1,37.7414047668971,0,28.1434818635194,0,0,0,0,0,83.151174715685,0,0,143.021761056012,78.0509193098596,0,0,0,0,78.3242893480784
105,1,36.3589957843812,0,28.1176399158969,0,0,0,0,0,82.3333364236529,0,0,144.405517265613,70.2458273788736,0,0,0,0,79.1136751734424
106,1,35.0348757024968,0,28.102329952402,0,0,0,0,0,81.4886047958241,0,0,145.730128568281,63.2212446409863,0,0,0,0,79.8261717454007
107,1,33.7665548765033,0,28.0963125859098,0,0,0,0,0,80.6041421241462,0,0,146.99975594225,56.8991201768876,0,0,0,0,80.4652549458197
108,1,32.5515451329259,0,28.098492323947,0,0,0,0,0,79.6729978998762,0,0,148.21506777922,51.2092081591989,0,0,0,0,81.0322866310368
109,1,31.34903970914,0,28.0285627554584,0,0,0,0,0,78.7885884579686,0,0,149.439505194889,46.088287343279,0,0,0,0,81.6877042339471
110,1,30.1676901110635,0,27.9058578720883,0,0,0,0,0,77.9282701780187,0,0,150.6577409128,41.4794586089511,0,0,0,0,82.3949059040269
111,1,29.0145198723131,0,27.7469710717102,0,0,0,0,0,77.0765737768223,0,0,151.857688332056,37.331512748056,0,0,0,0,83.1231226603306
112,1,27.8951218588743,0,27.5660567238746,0,0,0,0,0,76.2236124785733,0,0,153.030098655785,33.5983614732504,0,0,0,0,83.8469193604009
113,1,26.8138452882339,0,27.3750965800382,0,0,0,0,0,75.3637414503592,0,0,154.16797855451,30.2385253259254,0,0,0,0,84.5455591662025
114,1,25.7739741900547,0,27.1841557768031,0,0,0,0,0,74.494506238613,0,0,155.266195392652,27.2146727933328,0,0,0,0,85.2024601167608
115,1,24.7776941229604,0,27.0011538915914,0,0,0,0,0,73.6148040645071,0,0,156.318148148545,24.4932055139995,0,0,0,0,85.8031984344846
116,1,23.8262708643326,0,26.8321665009114,0,0,0,0,0,72.7245694230654,0,0,157.316800831841,22.0438849625996,0,0,0,0,86.3358033749216
117,1,22.9179475082045,0,26.6766126229889,0,0,0,0,0,71.813930965349,0,0,158.265827775494,19.8394964663396,0,0,0,0,86.8039022199036
118,1,22.0509067309851,0,26.5339090392207,0,0,0,0,0,70.8774989984863,0,0,159.166338142924,17.8555468197057,0,0,0,0,87.2092396766181
119,1,21.2233407140482,0,26.4035257264989,0,0,0,0,0,69.9133362284166,0,0,160.017973456418,16.0699921377351,0,0,0,0,87.5525486920363
120,1,20.4335053158166,0,26.2850383670558,0,0,0,0,0,68.9221431342102,0,0,160.819778748161,14.4629929239616,0,0,0,0,87.8341873310122
121,1,19.6797579221995,0,26.1781608423284,0,0,0,0,0,67.9065976357386,0,0,161.57078534117,13.0166936315654,0,0,0,0,88.0545481984651
122,1,18.9605811316721,0,26.0827727790482,0,0,0,0,0,66.8708299056766,0,0,162.270457911181,11.7150242684089,0,0,0,0,88.2143393568978
123,1,18.2745830032719,0,25.9988990754704,0,0,0,0,0,65.8199351530368,0,0,162.918739281989,10.543521841568,0,0,0,0,88.3146308792046
124,1,17.6204912804659,0,25.9266876714268,0,0,0,0,0,64.7595850280778,0,0,163.516081399415,9.4891696574112,0,0,0,0,88.3568736923473
125,1,16.9969992581207,0,25.8659320888122,0,0,0,0,0,63.6950120192462,0,0,164.060677665449,8.54025269167008,0,0,0,0,88.341627856907
126,1,16.4027878369476,0,25.8161571505649,0,0,0,0,0,62.6309942197374,0,0,164.549551080623,7.68622742250307,0,0,0,0,88.2691124498325
127,1,15.8348571373967,0,25.7716448595832,0,0,0,0,0,61.5640132979541,0,0,164.988040447941,6.91760468025276,0,0,0,0,88.1499440091328
128,1,15.2906960813644,0,25.7280164963495,0,0,0,0,0,60.4928969349682,0,0,165.378964129988,6.22584421222749,0,0,0,0,87.9918372476978
129,1,14.7682300293626,0,25.682054364985,0,0,0,0,0,59.4182231932135,0,0,165.723581683522,5.60325979100474,0,0,0,0,87.8003817875495
130,1,14.2657705513532,0,25.6315468321021,0,0,0,0,0,58.3418598233761,0,0,166.022368670071,5.04293381190427,0,0,0,0,87.5796618214054
131,1,13.7819671172369,0,25.5751505930441,0,0,0,0,0,57.2666047920826,0,0,166.275610610305,4.53864043071384,0,0,0,0,87.3327383307532
132,1,13.3157612503149,0,25.5122675654935,0,0,0,0,0,56.195905122815,0,0,166.483845411705,4.08477638764245,0,0,0,0,87.0620208367052
133,1,12.8663363054416,0,25.4429024377394,0,0,0,0,0,55.13358989751,0,0,166.647947532794,3.67629874887821,0,0,0,0,86.7694436542845
134,1,12.433072655041,0,25.3675382847612,0,0,0,0,0,54.0836614500628,0,0,166.769189443584,3.30866887399039,0,0,0,0,86.4566121819076
135,1,12.0154132702762,0,25.2866415668309,0,0,0,0,0,53.0495910584225,0,0,166.846712278492,2.97780198659135,0,0,0,0,86.1237743699515
136,1,11.6128539406884,0,25.2006715174666,0,0,0,0,0,52.0343610935167,0,0,166.878530971506,2.68002178793222,0,0,0,0,85.7704065077083
137,1,11.2249335838157,0,25.110084648344,0,0,0,0,0,51.0405002875877,0,0,166.862239460123,2.41201960913899,0,0,0,0,85.3956242939561
138,1,10.8512261796648,0,25.0153390912879,0,0,0,0,0,50.0701206157932,0,0,166.795506669736,2.17081764822509,0,0,0,0,84.9984713407875
139,1,10.4913371530183,0,24.9169083788927,0,0,0,0,0,49.124971808912,0,0,166.676477810955,1.95373588340258,0,0,0,0,84.578147100356
140,1,10.1449020386764,0,24.8152994380899,0,0,0,0,0,48.2065029902006,0,0,166.504084588024,1.75836229506233,0,0,0,0,84.1341792035685
141,1,9.81158564952184,0,24.7110688370357,0,0,0,0,0,47.3159212685617,0,0,166.278254478496,1.58252606555609,0,0,0,0,83.6665391298713
142,1,9.49108119824939,0,24.6048358523791,0,0,0,0,0,46.4542443780292,0,0,166.000033500159,1.42427345900048,0,0,0,0,83.1757103104021
143,1,9.18310316873076,0,24.4972607490234,0,0,0,0,0,45.6223020181355,0,0,165.671443846587,1.28184611310044,0,0,0,0,82.6626359809783
144,1,8.88738182988056,0,24.3890280417833,0,0,0,0,0,44.8207425755351,0,0,165.295351181838,1.15366150179039,0,0,0,0,82.1286667298918
145,1,8.60358130033799,0,24.280454552322,0,0,0,0,0,44.0495229400639,0,0,164.873082296591,1.03829535161135,0,0,0,0,81.5745697017453
146,1,8.33131806544554,0,24.1715944616973,0,0,0,0,0,43.308098030836,0,0,164.405163348994,0.934465816450218,0,0,0,0,81.0008616021814
147,1,8.07017589527985,0,24.0623225446777,0,0,0,0,0,42.59556890276,0,0,163.891824566933,0.841019234805196,0,0,0,0,80.4080238807365
148,1,7.81971844597056,0,23.9524016650061,0,0,0,0,0,41.9108011899772,0,0,163.333345423156,0.756917311324676,0,0,0,0,79.7966392264637
149,1,7.57950017140044,0,23.8415383016518,0,0,0,0,0,41.2525213219879,0,0,162.730290056983,0.681225580192209,0,0,0,0,79.1674756639309
150,1,7.34907584300504,0,23.7294285710476,0,0,0,0,0,40.619395439133,0,0,162.083666933955,0.613103022172988,0,0,0,0,78.5215360449439
151,1,7.12800845509547,0,23.6157942861186,0,0,0,0,0,40.0100913812602,0,0,161.3950218743,0.551792719955689,0,0,0,0,77.8600790709705
152,1,6.91587569640371,0,23.5004107823659,0,0,0,0,0,39.423326924058,0,0,160.666483729134,0.49661344796012,0,0,0,0,77.1846212828737
153,1,6.7122706981745,0,23.3831013685183,0,0,0,0,0,38.857869369963,0,0,159.900609744071,0.446952103164108,0,0,0,0,76.4968582766056
154,1,6.51680317408031,0,23.2637343649415,0,0,0,0,0,38.3125376886034,0,0,159.100265397001,0.402256892847697,0,0,0,0,75.7986026375552
155,1,6.329100484841,0,23.1422211053218,0,0,0,0,0,37.7862051885765,0,0,158.268526944171,0.362031203562928,0,0,0,0,75.0917332554321
156,1,6.1488084353489,0,23.01851422842,0,0,0,0,0,37.2778019878851,0,0,157.408601116396,0.325828083206635,0,0,0,0,74.3781534714884
157,1,5.97559197419286,0,22.8926072590499,0,0,0,0,0,36.7863189017342,0,0,156.523767594875,0.293245274885971,0,0,0,0,73.6597604746132
158,1,5.80913585457647,0,22.7645357998673,0,0,0,0,0,36.310813291344,0,0,155.617345159238,0.263920747397374,0,0,0,0,72.9384261865703
159,1,5.64914523531101,0,22.6343801050429,0,0,0,0,0,35.850416577147,0,0,154.692678615787,0.237528672657637,0,0,0,0,72.2159882226594
160,1,5.49534618913248,0,22.5022686708472,0,0,0,0,0,35.4043428936989,0,0,153.753142672835,0.213775805391873,0,0,0,0,71.4942491019657
161,1,5.34748576281615,0,22.3683803145797,0,0,0,0,0,34.9718953226488,0,0,152.802144249516,0.192398224852686,0,0,0,0,70.7749758428158
162,1,5.20533169543676,0,22.2329451071489,0,0,0,0,0,34.5524702010219,0,0,151.843124383168,0.173158402367417,0,0,0,0,70.0599002330941
163,1,5.06866763507854,0,22.0962166442677,0,0,0,0,0,34.1455208925912,0,0,150.879378710126,0.155842562130676,0,0,0,0,69.3506455864927
164,1,4.93728967202324,0,21.958452922139,0,0,0,0,0,33.7505335086409,0,0,149.913945493571,0.140258305917608,0,0,0,0,68.6486825176857
165,1,4.81100377306717,0,21.8199034042849,0,0,0,0,0,33.367011150475,0,0,148.94954141108,0.126232475325847,0,0,0,0,67.9553050274009
166,1,4.68962387739122,0,21.6808007475632,0,0,0,0,0,32.9944644831884,0,0,147.988532047979,0.113609227793263,0,0,0,0,67.2716211872503
167,1,4.57297051183248,0,21.5413561701073,0,0,0,0,0,32.6324071706653,0,0,147.032928182173,0.102248305013936,0,0,0,0,66.5985545524076
168,1,4.46086983656856,0,21.4017577488292,0,0,0,0,0,32.2803551303465,0,0,146.084401560792,0.0920234745125426,0,0,0,0,65.9368535866957
169,1,4.35315303878268,0,21.262170966041,0,0,0,0,0,31.937828616876,0,0,145.144314506086,0.0828211270612884,0,0,0,0,65.2871066954936
170,1,4.24965601326276,0,21.1227409808259,0,0,0,0,0,31.6043563712943,0,0,144.213759109788,0.0745390143551595,0,0,0,0,64.6497610770655
171,1,4.15021901784496,0,20.9835943416305,0,0,0,0,0,31.2794786390998,0,0,143.293589748246,0.0670851129196436,0,0,0,0,64.0251386776218
172,1,4.05468637280329,0,20.8448405257531,0,0,0,0,0,30.962749606935,0,0,142.38445150361,0.0603766016276792,0,0,0,0,63.4134503157582
173,1,3.9629062295075,0,20.7065734546937,0,0,0,0,0,30.6537394772363,0,0,141.486805669015,0.0543389414649113,0,0,0,0,62.814808459516
174,1,3.8747304120767,0,20.5688730226905,0,0,0,0,0,30.3520362482748,0,0,140.600952869097,0.0489050473184202,0,0,0,0,62.2292388759246
175,1,3.7900143451547,0,20.4318067624798,0,0,0,0,0,30.0572473945713,0,0,139.727054990661,0.0440145425865782,0,0,0,0,61.6566916575977
176,1,3.70861708053418,0,20.2954317884771,0,0,0,0,0,29.769001668679,0,0,138.865157249806,0.0396130883279203,0,0,0,0,61.0970521868987
177,1,3.630401429145,0,20.1597971267206,0,0,0,0,0,29.4869512041529,0,0,138.015211495514,0.0356517794951283,0,0,0,0,60.5501525026484
178,1,3.5552341982952,0,20.0249465006202,0,0,0,0,0,29.2107740443061,0,0,137.177101538522,0.0320866015456155,0,0,0,0,60.0157834023993
179,1,3.48298650743916,0,19.8909214469102,0,0,0,0,0,28.9401769521137,0,0,136.350669880446,0.0288779413910539,0,0,0,0,59.4937070290346
180,1,3.41353416072565,0,19.7577646664304,0,0,0,0,0,28.6748983996844,0,0,135.535745389853,0.0259901472519485,0,0,0,0,58.983669758777
181,1,3.34675777384448,0,19.6255214179494,0,0,0,0,0,28.4147087409249,0,0,134.732156604734,0.0233911325267537,0,0,0,0,58.4854090989096
182,1,3.28254275444991,0,19.4942397038235,0,0,0,0,0,28.1594086534607,0,0,133.939736184046,0.0210520192740783,0,0,0,0,57.9986568845574
183,1,3.22077919654622,0,19.3639697310669,0,0,0,0,0,27.9088265568881,0,0,133.158320137733,0.0189468173466705,0,0,0,0,57.5231402770909
184,1,3.16136172711016,0,19.2347629741096,0,0,0,0,0,27.6628154882826,0,0,132.387744304885,0.0170521356120034,0,0,0,0,57.0585815848136
185,1,3.10418933059631,0,19.1066710702206,0,0,0,0,0,27.4212497775163,0,0,131.627839817508,0.0153469220508031,0,0,0,0,56.6046976219055
186,1,3.04916516967189,0,18.9797447189623,0,0,0,0,0,27.1840217771789,0,0,130.878428808146,0.0138122298457228,0,0,0,0,56.1611991215609
187,1,2.99619641470056,0,18.8540327065438,0,0,0,0,0,26.9510388276823,0,0,130.139321211006,0.0124310068611505,0,0,0,0,55.7277905489007
188,1,2.94519409079947,0,18.7295811409469,0,0,0,0,0,26.7222205860913,0,0,129.410313217724,0.0111879061750355,0,0,0,0,55.3041705387949
189,1,2.89607293094165,0,18.6064328194906,0,0,0,0,0,26.4974966185862,0,0,128.691186749617,0.0100691155575319,0,0,0,0,54.8900326917566
190,1,2.84875123078354,0,18.4846266970675,0,0,0,0,0,26.276804218631,0,0,127.981709626987,0.00906220400177872,0,0,0,0,54.4850665920848
191,1,2.80315070409544,0,18.3641974424535,0,0,0,0,0,26.0600864371364,0,0,127.281636249275,0.00815598360160085,0,0,0,0,54.088958966918
192,1,2.75919633889046,0,18.2451750760287,0,0,0,0,0,25.8472903170706,0,0,126.590708645817,0.00734038524144077,0,0,0,0,53.7013949237514
193,1,2.71681625639106,0,18.1275846958606,0,0,0,0,0,25.638365342024,0,0,125.9086578626,0.00660634671729669,0,0,0,0,53.3220592478405
194,1,2.67594157688695,0,18.0114463130571,0,0,0,0,0,25.4332621259842,0,0,125.23520576207,0.00594571204556702,0,0,0,0,52.9506377874696
195,1,2.63650629781995,0,17.8967748274443,0,0,0,0,0,25.2319313843246,0,0,124.570067399802,0.00535114084101032,0,0,0,0,52.5868189915261
196,1,2.59844719005444,0,17.7835801803925,0,0,0,0,0,25.0343232329761,0,0,123.912954198455,0.00481602675690929,0,0,0,0,52.2302956879639
197,1,2.56170371684652,0,17.6718677114562,0,0,0,0,0,24.840386848171,0,0,123.263578082341,0.00433442408121836,0,0,0,0,51.8807671694785
198,1,2.52621797891976,0,17.5616387380054,0,0,0,0,0,24.6500705084739,0,0,122.621656697484,0.00390098167309652,0,0,0,0,51.5379416381264
199,1,2.49193466691464,0,17.45289120131,0,0,0,0,0,24.463321800669,0,0,121.986918601041,0.00351088350578687,0,0,0,0,51.2015385556169
200,1,2.45880101147967,0,17.3456202924445,0,0,0,0,0,24.2800878671169,0,0,121.359107819984,0.00315979515520818,0,0,0,0,50.8712906588369
201,1,2.42676672643378,0,17.2398190128197,0,0,0,0,0,24.1003156289756,0,0,120.737987488496,0.00284381563968737,0,0,0,0,50.5469455277584
202,1,2.39578394343319,0,17.1354786493807,0,0,0,0,0,23.9239519542075,0,0,120.123342463964,0.00255943407571863,0,0,0,0,50.2282666713149
203,1,2.36580713836604,0,17.0325891604696,0,0,0,0,0,23.7509437611268,0,0,119.514980942484,0.00230349066814677,0,0,0,0,49.9150341465834
204,1,2.33679305080727,0,16.9311394789425,0,0,0,0,0,23.5812380627627,0,0,118.912735174568,0.00207314160133209,0,0,0,0,49.607044759282
205,1,2.30870059847776,0,16.8311177456371,0,0,0,0,0,23.4147819662739,0,0,118.316461429766,0.00186582744119888,0,0,0,0,49.3041119131456
206,1,2.28149078897362,0,16.732511490253,0,0,0,0,0,23.2515226471548,0,0,117.726039386782,0.00167924469707899,0,0,0,0,49.0060651869011
207,1,2.25512662985447,0,16.6353077681674,0,0,0,0,0,23.091407306468,0,0,117.141371062262,0.00151132022737109,0,0,0,0,48.7127496915099
208,1,2.22957303767563,0,16.5394932582263,0,0,0,0,0,22.9343831147236,0,0,116.562379363001,0.00136018820463398,0,0,0,0,48.4240252484653
209,1,2.20479674633088,0,16.4450543251319,0,0,0,0,0,22.7803971442227,0,0,115.98900633177,0.00122416938417059,0,0,0,0,48.1397654236079
210,1,2.18076621495432,0,16.351977049269,0,0,0,0,0,22.6293962907152,0,0,115.421211146411,0.00110175244575353,0,0,0,0,47.8598564461603
211,1,2.1574515356955,0,16.2602472274068,0,0,0,0,0,22.4813271861101,0,0,114.858967930836,0.000991577201178175,0,0,0,0,47.5841960417263
212,1,2.1348243419185,0,16.1698503496277,0,0,0,0,0,22.3361361066433,0,0,114.302263444932,0.000892419481060357,0,0,0,0,47.3126922108643
213,1,2.11285771772488,0,16.0807715606594,0,0,0,0,0,22.1937688847917,0,0,113.75109473541,0.000803177532954321,0,0,0,0,47.0452619903671
214,1,2.09152611010376,0,15.9929956170528,0,0,0,0,0,22.0541708377119,0,0,113.205466848149,0.000722859779658889,0,0,0,0,46.7818302413524
215,1,2.07080524530383,0,15.9065068540267,0,0,0,0,0,21.9172867282441,0,0,112.665390715101,0.000650573801693,0,0,0,0,46.5223285127906
216,1,2.05067205123452,0,15.8212891775247,0,0,0,0,0,21.7830607769196,0,0,112.130881337185,0.0005855164215237,0,0,0,0,46.2666940319908
217,1,2.0311045861475,0,15.7373260840287,0,0,0,0,0,21.6514367258046,0,0,111.601956287856,0.00052696477937133,0,0,0,0,46.0148688338044
218,1,2.01208197312501,0,15.6546007044246,0,0,0,0,0,21.5223579466138,0,0,111.07863451415,0.000474268301434197,0,0,0,0,45.7667990204799
219,1,1.99358433962242,0,15.5730958656681,0,0,0,0,0,21.3957675821963,0,0,110.560935391112,0.000426841471290778,0,0,0,0,45.5224341352928
220,1,1.97559276127118,0,15.4927941634857,0,0,0,0,0,21.2716087099197,0,0,110.048877979715,0.0003841573241617,0,0,0,0,45.2817266304126
221,1,1.95808920923134,0,15.413678039931,0,0,0,0,0,21.1498245164347,0,0,109.54248044095,0.00034574159174553,0,0,0,0,45.0446314102672
222,1,1.94105650053032,0,15.3357298608259,0,0,0,0,0,21.0303584751024,0,0,109.041759566237,0.000311167432570977,0,0,0,0,44.8111054344812
223,1,1.92447825099732,0,15.2589319895973,0,0,0,0,0,20.9131545195507,0,0,108.546730394151,0.000280050689313879,0,0,0,0,44.5811073682743
224,1,1.90833883057805,0,15.1832668555864,0,0,0,0,0,20.7981572091424,0,0,108.057405894212,0.000252045620382491,0,0,0,0,44.3545972724441
225,1,1.8926233208791,0,15.1087170155785,0,0,0,0,0,20.6853118832287,0,0,107.573796703091,0.000226841058344242,0,0,0,0,44.131536326803
226,1,1.87731747480918,0,15.0352652075962,0,0,0,0,0,20.5745648016648,0,0,107.09591090068,0.000204156952509818,0,0,0,0,43.9118865817236
227,1,1.86240767818354,0,14.9628943961452,0,0,0,0,0,20.4658632694471,0,0,106.623753814615,0.000183741257258836,0,0,0,0,43.6956107328444
228,1,1.84788091314513,0,14.8915878081447,0,0,0,0,0,20.3591557435841,0,0,106.157327842301,0.000165367131532953,0,0,0,0,43.482671914154
229,1,1.83372472324963,0,14.8213289588614,0,0,0,0,0,20.2543919206113,0,0,105.696632280342,0.000148830418379657,0,0,0,0,43.2730335049711
230,1,1.81992718007423,0,14.7521016674095,0,0,0,0,0,20.1515228036615,0,0,105.241663153213,0.000133947376541692,0,0,0,0,43.0666589471207
231,1,1.80647685125368,0,14.6838900618675,0,0,0,0,0,20.0505007488281,0,0,104.79241303671,0.000120552638887522,0,0,0,0,42.8635115700863
232,1,1.79336276992395,0,14.6166785748208,0,0,0,0,0,19.9512794917295,0,0,104.348870877341,0.00010849737499877,0,0,0,0,42.663554424182
233,1,1.78057440565487,0,14.5504519310905,0,0,0,0,0,19.8538141566087,0,0,103.911021815773,9.76476374988932e-05,0,0,0,0,42.4667501245977
234,1,1.76810163707077,0,14.4851951304915,0,0,0,0,0,19.7580612518806,0,0,103.478847030335,8.78828737490039e-05,0,0,0,0,42.2730607123478
235,1,1.75593472634451,0,14.4208934283991,0,0,0,0,0,19.6639786560554,0,0,103.052323616172,7.90945863741035e-05,0,0,0,0,42.0824475379776
236,1,1.74406429568283,0,14.3575323163668,0,0,0,0,0,19.5715255973213,0,0,102.631424511824,7.11851277366931e-05,0,0,0,0,41.8948711723082
237,1,1.73248130584223,0,14.2950975043665,0,0,0,0,0,19.4806626292292,0,0,102.216118480133,6.40666149630238e-05,0,0,0,0,41.7102913465244
238,1,1.72117703664123,0,14.2335749055876,0,0,0,0,0,19.3913516041157,0,0,101.806370145837,5.76599534667214e-05,0,0,0,0,41.5286669220402
239,1,1.71014306937817,0,14.1729506242085,0,0,0,0,0,19.3035556452379,0,0,101.402140088383,5.18939581200493e-05,0,0,0,0,41.3499558890241
240,1,1.69937127102397,0,14.113210946173,0,0,0,0,0,19.217239118106,0,0,101.003384985793,4.67045623080444e-05,0,0,0,0,41.1741153913557
241,1,1.68885378003926,0,14.0543423327767,0,0,0,0,0,19.132367601212,0,0,100.610057803733,4.20341060772399e-05,0,0,0,0,41.0011017751052
242,1,1.67858299366117,0,13.9963314167713,0,0,0,0,0,19.0489078562332,0,0,100.222108023362,3.78306954695159e-05,0,0,0,0,40.8308706573777
243,1,1.66855155650729,0,13.93916500065,0,0,0,0,0,18.9668277977319,0,0,99.8394819012384,3.40476259225643e-05,0,0,0,0,40.6633770122707
244,1,1.65875235034854,0,13.8828300567475,0,0,0,0,0,18.8860964623259,0,0,99.4621227545423,3.06428633303079e-05,0,0,0,0,40.4985752706613
245,1,1.64917848490664,0,13.8273137287538,0,0,0,0,0,18.8066839772501,0,0,99.0899712647352,2.75785769972771e-05,0,0,0,0,40.3364194305323
246,1,1.63982328953496,0,13.7726033342029,0,0,0,0,0,18.7285615281626,0,0,98.7229657927775,2.48207192975494e-05,0,0,0,0,40.1768631745363
247,1,1.63068030564427,0,13.7186863674549,0,0,0,0,0,18.6517013259709,0,0,98.3610426989127,2.23386473677945e-05,0,0,0,0,40.0198599914955
248,1,1.62174327973797,0,13.6655505026563,0,0,0,0,0,18.5760765723893,0,0,98.0041366601004,2.0104782631015e-05,0,0,0,0,39.8653632985825
249,1,1.61300615692905,0,13.6131835961672,0,0,0,0,0,18.5016614239182,0,0,97.6521809784858,1.80943043679135e-05,0,0,0,0,39.7133265610898
250,1,1.60446307482374,0,13.5615736880038,0,0,0,0,0,18.4284309539926,0,0,97.3051078750494,1.62848739311222e-05,0,0,0,0,39.5637034070335
251,1,1.59610835767855,0,13.5107090019748,0,0,0,0,0,18.3563611131989,0,0,96.9628487638598,1.465638653801e-05,0,0,0,0,39.4164477343965
252,1,1.58793651076723,0,13.4605779444086,0,0,0,0,0,18.2854286877238,0,0,96.6253345042471,1.3190747884209e-05,0,0,0,0,39.2715138096192
253,1,1.57994221492196,0,13.4111691015608,0,0,0,0,0,18.2156112564385,0,0,96.2924956299443,1.18716730957881e-05,0,0,0,0,39.1288563566884
254,1,1.57212032123288,0,13.362471235926,0,0,0,0,0,18.1468871471742,0,0,95.9642625555526,1.06845057862093e-05,0,0,0,0,38.9884306367433
255,1,1.564465845903,0,13.3144732817555,0,0,0,0,0,18.0792353928196,0,0,95.6405657615306,9.61605520758833e-06,0,0,0,0,38.8501925184976
256,1,1.55697396526149,0,13.2671643400985,0,0,0,0,0,18.0126356878762,0,0,95.3213359593507,8.6544496868295e-06,0,0,0,0,38.7140985399934
257,1,1.54964001094013,0,13.2205336736705,0,0,0,0,0,17.9470683460506,0,0,95.0065042386075,7.78900471814655e-06,0,0,0,0,38.5801059622959
258,1,1.54245946521599,0,13.1745707018083,0,0,0,0,0,17.8825142593881,0,0,94.6960021978141,7.01010424633189e-06,0,0,0,0,38.4481728157476
259,1,1.53542795652108,0,13.1292649957214,0,0,0,0,0,17.8189548593559,0,0,94.3897620604723,6.3090938216987e-06,0,0,0,0,38.3182579393724
260,1,1.52854125511653,0,13.0846062741993,0,0,0,0,0,17.7563720801925,0,0,94.0877167778451,5.67818443952883e-06,0,0,0,0,38.1903210139823
261,1,1.52179526892706,0,13.0405843998904,0,0,0,0,0,17.694748324762,0,0,93.7898001197017,5.11036599557595e-06,0,0,0,0,38.0643225894978
262,1,1.51518603952912,0,12.9971893762269,0,0,0,0,0,17.6340664330695,0,0,93.4959467541591,4.59932939601836e-06,0,0,0,0,37.9402241069552
263,1,1.50870973828438,0,12.9544113450326,0,0,0,0,0,17.5743096535289,0,0,93.2060923175854,4.13939645641652e-06,0,0,0,0,37.8179879156269
264,1,1.50236266260848,0,12.9122405848144,0,0,0,0,0,17.5154616170013,0,0,92.9201734753645,3.72545681077487e-06,0,0,0,0,37.6975772856282
265,1,1.49614123236272,0,12.8706675097022,0,0,0,0,0,17.4575063135588,0,0,92.6381279741229,3.35291112969738e-06,0,0,0,0,37.5789564163152
266,1,1.49004198635436,0,12.8296826689626,0,0,0,0,0,17.4004280718586,0,0,92.3598946858091,3.01762001672764e-06,0,0,0,0,37.4620904407019
267,1,1.48406157892896,0,12.7892767469812,0,0,0,0,0,17.3442115409547,0,0,92.0854136437981,2.71585801505488e-06,0,0,0,0,37.3469454260433
268,1,1.47819677663668,0,12.7494405635771,0,0,0,0,0,17.2888416743192,0,0,91.8146260710111,2.44427221354939e-06,0,0,0,0,37.2334883706626
269,1,1.47244445495439,0,12.7101650745,0,0,0,0,0,17.2343037158174,0,0,91.5474743999329,2.19984499219445e-06,0,0,0,0,37.1216871970595
270,1,1.46680159504678,0,12.6714413719635,0,0,0,0,0,17.1805831873696,0,0,91.283902284428,1.97986049297501e-06,0,0,0,0,37.011510741344
271,1,1.46126528055341,0,12.6332606850863,0,0,0,0,0,17.1276658780543,0,0,91.0238546033725,1.78187444367751e-06,0,0,0,0,36.9029287390893
272,1,1.45583269439233,0,12.5956143801416,0,0,0,0,0,17.0755378344341,0,0,90.7672774562981,1.60368699930976e-06,0,0,0,0,36.7959118077664
273,1,1.45050111557562,0,12.5584939605473,0,0,0,0,0,17.0241853519242,0,0,90.5141181514414,1.44331829937878e-06,0,0,0,0,36.6904314260014
274,1,1.44526791603621,0,12.5218910665591,0,0,0,0,0,16.973594967061,0,0,90.2643251867712,1.2989864694409e-06,0,0,0,0,36.586459909966
275,1,1.44013055746843,0,12.4857974746559,0,0,0,0,0,16.9237534505573,0,0,90.0178482247198,1.16908782249681e-06,0,0,0,0,36.4839703872696
276,1,1.43508658818805,0,12.4502050966267,0,0,0,0,0,16.8746478010617,0,0,89.7746380614483,1.05217904024713e-06,0,0,0,0,36.38293676876
277,1,1.43013364001887,0,12.4151059783856,0,0,0,0,0,16.8262652395568,0,0,89.534646591543,9.46961136222418e-07,0,0,0,0,36.2833337186607
278,1,1.42526942521444,0,12.3804922985512,0,0,0,0,0,16.7785932043463,0,0,89.2978267690689,8.52265022600176e-07,0,0,0,0,36.1851366234821
279,1,1.42049173342424,0,12.3463563668324,0,0,0,0,0,16.7316193465933,0,0,89.0641325659041,7.67038520340158e-07,0,0,0,0,36.0883215601353
280,1,1.41579842871369,0,12.3126906222692,0,0,0,0,0,16.6853315263776,0,0,88.8335189282581,6.90334668306143e-07,0,0,0,0,35.9928652636655
281,1,1.41118744664728,0,12.2794876313754,0,0,0,0,0,16.6397178092446,0,0,88.6059417322312,6.21301201475528e-07,0,0,0,0,35.8987450949965
282,1,1.40665679144361,0,12.2467400862299,0,0,0,0,0,16.5947664632215,0,0,88.3813577392106,5.59171081327976e-07,0,0,0,0,35.8059390090493
283,1,1.40220453321029,0,12.214440802558,0,0,0,0,0,16.5504659562722,0,0,88.1597245518216,5.03253973195178e-07,0,0,0,0,35.7144255235596
284,1,1.39782880526539,0,12.1825827178404,0,0,0,0,0,16.5068049541623,0,0,87.9410005710533,4.5292857587566e-07,0,0,0,0,35.6241836888751
285,1,1.39352780155075,0,12.1511588894748,0,0,0,0,0,16.4637723186954,0,0,87.7251449550716,4.07635718288094e-07,0,0,0,0,35.5351930589626
286,1,1.38929977414092,0,12.120162493008,0,0,0,0,0,16.4213571062757,0,0,87.5121175801062,3.66872146459285e-07,0,0,0,0,35.4474336638031
287,1,1.38514303084951,0,12.0895868204444,0,0,0,0,0,16.3795485667413,0,0,87.3018790036771,3.30184931813356e-07,0,0,0,0,35.3608859832942
288,1,1.38105593293335,0,12.0594252786261,0,0,0,0,0,16.3383361424053,0,0,87.0943904303097,2.97166438632021e-07,0,0,0,0,35.2755309227309
289,1,1.37703689289349,0,12.029671387672,0,0,0,0,0,16.2977094672368,0,0,86.8896136797895,2.67449794768819e-07,0,0,0,0,35.1913497898897
290,1,1.37308437237085,0,12.0003187794603,0,0,0,0,0,16.2576583661128,0,0,86.687511157932,2.40704815291937e-07,0,0,0,0,35.1083242737076
291,1,1.36919688013392,0,11.971361196133,0,0,0,0,0,16.2181728540733,0,0,86.4880458297896,2.16634333762743e-07,0,0,0,0,35.0264364245192
292,1,1.36537297015523,0,11.9427924886036,0,0,0,0,0,16.1792431355195,0,0,86.2911811951819,1.94970900386469e-07,0,0,0,0,34.9456686358006
293,1,1.3616112397734,0,11.9146066150498,0,0,0,0,0,16.1408596032987,0,0,86.0968812664207,1.75473810347822e-07,0,0,0,0,34.8660036273565
294,1,1.35791032793732,0,11.8867976393765,0,0,0,0,0,16.1030128376339,0,0,85.9051105480915,1.5792642931304e-07,0,0,0,0,34.7874244298805
295,1,1.35426891352941,0,11.8593597296375,0,0,0,0,0,16.0656936048598,0,0,85.7158340187598,1.42133786381736e-07,0,0,0,0,34.7099143708193
296,1,1.35068571376489,0,11.83228715641,0,0,0,0,0,16.0288928559433,0,0,85.5290171144725,1.27920407743562e-07,0,0,0,0,34.6334570614702
297,1,1.34715948266432,0,11.8055742911174,0,0,0,0,0,15.9926017247694,0,0,85.3446257139414,1.15128366969206e-07,0,0,0,0,34.5580363852431
298,1,1.34368900959684,0,11.7792156043028,0,0,0,0,0,15.95681152619,0,0,85.1626261253031,1.03615530272285e-07,0,0,0,0,34.4836364870234
299,1,1.34027311789196,0,11.7532056638577,0,0,0,0,0,15.9215137538333,0,0,84.9829850743659,9.32539772450569e-08,0,0,0,0,34.410241763575
300,1,1.33691066351757,0,11.7275391332123,0,0,0,0,0,15.8867000776866,0,0,84.8056696942625,8.39285795205512e-08,0,0,0,0,34.3378368549252
301,1,1.33360053382258,0,11.7022107695004,0,0,0,0,0,15.8523623414659,0,0,84.6306475164432,7.55357215684961e-08,0,0,0,0,34.2664066366788
302,1,1.33034164634212,0,11.6772154217075,0,0,0,0,0,15.818492559793,0,0,84.4578864629455,6.79821494116465e-08,0,0,0,0,34.1959362132105
303,1,1.32713294766377,0,11.6525480288188,0,0,0,0,0,15.7850829152047,0,0,84.2873548398842,6.11839344704818e-08,0,0,0,0,34.1264109116853
304,1,1.32397341235291,0,11.6282036179772,0,0,0,0,0,15.7521257550181,0,0,84.1190213321045,5.50655410234336e-08,0,0,0,0,34.0578162768577
305,1,1.32086204193544,0,11.6041773026651,0,0,0,0,0,15.71961358808,0,0,83.9528549989326,4.95589869210903e-08,0,0,0,0,33.9901380665975
306,1,1.31779786393581,0,11.5804642809204,0,0,0,0,0,15.6875390814239,0,0,83.7888252709525,4.46030882289812e-08,0,0,0,0,33.9233622480874
307,1,1.31477993096797,0,11.5570598335942,0,0,0,0,0,15.6558950568584,0,0,83.6269019477246,4.01427794060831e-08,0,0,0,0,33.8574749946338
308,1,1.31180731987705,0,11.5339593226574,0,0,0,0,0,15.6246744875078,0,0,83.4670551963489,3.61285014654748e-08,0,0,0,0,33.7924626830285
309,1,1.30887913092888,0,11.5111581895589,0,0,0,0,0,15.5938704943219,0,0,83.3092555507677,3.25156513189273e-08,0,0,0,0,33.7283118913946
310,1,1.30599448704454,0,11.4886519536369,0,0,0,0,0,15.5634763425722,0,0,83.1534739116915,2.92640861870346e-08,0,0,0,0,33.6650093974491
311,1,1.30315253307721,0,11.4664362105834,0,0,0,0,0,15.5334854383444,0,0,82.9996815470272,2.63376775683311e-08,0,0,0,0,33.6025421771127
312,1,1.30035243512802,0,11.4445066309585,0,0,0,0,0,15.5038913250407,0,0,82.8478500926852,2.3703909811498e-08,0,0,0,0,33.5408974033979
313,1,1.29759337989808,0,11.422858958753,0,0,0,0,0,15.4746876798987,0,0,82.6979515536451,2.13335188303482e-08,0,0,0,0,33.4800624455087
314,1,1.29487457407368,0,11.4014890099932,0,0,0,0,0,15.4458683105355,0,0,82.5499583051591,1.92001669473134e-08,0,0,0,0,33.4200248680884
315,1,1.29219524374178,0,11.3803926713863,0,0,0,0,0,15.4174271515225,0,0,82.4038430939861,1.72801502525821e-08,0,0,0,0,33.3607724305543
316,1,1.289554633833,0,11.3595658989989,0,0,0,0,0,15.3893582609987,0,0,82.2595790395518,1.55521352273239e-08,0,0,0,0,33.3022930864677
317,1,1.28695200758963,0,11.3390047169669,0,0,0,0,0,15.3616558173252,0,0,82.1171396349475,1.39969217045915e-08,0,0,0,0,33.2445749828875
318,1,1.28438664605628,0,11.3187052162332,0,0,0,0,0,15.3343141157894,0,0,81.9764987476875,1.25972295341323e-08,0,0,0,0,33.1876064596683
319,1,1.28185784759089,0,11.2986635533074,0,0,0,0,0,15.3073275653616,0,0,81.837630620165,1.13375065807191e-08,0,0,0,0,33.1313760486659
320,1,1.27936492739442,0,11.2788759490495,0,0,0,0,0,15.2806906855126,0,0,81.7005098697532,1.02037559226472e-08,0,0,0,0,33.0758724728232
321,1,1.27690721705723,0,11.2593386874729,0,0,0,0,0,15.2543981030949,0,0,81.5651114885195,9.18338033038246e-09,0,0,0,0,33.0210846451152
322,1,1.27448406412101,0,11.240048114567,0,0,0,0,0,15.2284445492968,0,0,81.4314108425278,8.26504229734422e-09,0,0,0,0,32.9670016673367
323,1,1.27209483165472,0,11.2210006371409,0,0,0,0,0,15.2028248566732,0,0,81.2993836707206,7.4385380676098e-09,0,0,0,0,32.9136128287269
324,1,1.26973889784363,0,11.2021927216863,0,0,0,0,0,15.1775339562597,0,0,81.1690060833791,6.69468426084882e-09,0,0,0,0,32.8609076044229
325,1,1.26741565559054,0,11.1836208932628,0,0,0,0,0,15.1525668747762,0,0,81.0402545601712,6.02521583476394e-09,0,0,0,0,32.808875653747
326,1,1.26512451212835,0,11.1652817344047,0,0,0,0,0,15.1279187319233,0,0,80.9131059478019,5.42269425128754e-09,0,0,0,0,32.7575068183287
327,1,1.26286488864341,0,11.1471718840525,0,0,0,0,0,15.103584737777,0,0,80.7875374572843,4.88042482615879e-09,0,0,0,0,32.7067911200685
328,1,1.26063621990893,0,11.1292880365075,0,0,0,0,0,15.0795601902835,0,0,80.663526660857,4.39238234354291e-09,0,0,0,0,32.6567187589542
329,1,1.25843795392809,0,11.1116269404131,0,0,0,0,0,15.055840472857,0,0,80.5410514885693,3.95314410918862e-09,0,0,0,0,32.6072801107364
330,1,1.25626955158636,0,11.0941853977595,0,0,0,0,0,15.0324210520807,0,0,80.420090224562,3.55782969826976e-09,0,0,0,0,32.5584657244768
331,1,1.25413048631247,0,11.0769602629158,0,0,0,0,0,15.0092974755106,0,0,80.3006215030676,3.20204672844278e-09,0,0,0,0,32.5102663199782
332,1,1.25202024374789,0,11.0599484416856,0,0,0,0,0,14.9864653695815,0,0,80.182624304155,2.8818420555985e-09,0,0,0,0,32.4626727851089
333,1,1.24993832142423,0,11.0431468903878,0,0,0,0,0,14.9639204376118,0,0,80.0660779492434,2.59365785003865e-09,0,0,0,0,32.4156761730323
334,1,1.24788422844836,0,11.0265526149596,0,0,0,0,0,14.9416584579049,0,0,79.9509620964069,2.33429206503479e-09,0,0,0,0,32.3692676993529
335,1,1.2458574851949,0,11.0101626700824,0,0,0,0,0,14.9196752819423,0,0,79.837256735493,2.10086285853131e-09,0,0,0,0,32.3234387391886
336,1,1.24385762300584,0,10.9939741583272,0,0,0,0,0,14.8979668326648,0,0,79.724942183075,1.89077657267818e-09,0,0,0,0,32.2781808241814
337,1,1.24188418389695,0,10.9779842293201,0,0,0,0,0,14.8765291028359,0,0,79.6139990772596,1.70169891541036e-09,0,0,0,0,32.2334856394564
338,1,1.23993672027084,0,10.962190078924,0,0,0,0,0,14.8553581534838,0,0,79.5044083723681,1.53152902386932e-09,0,0,0,0,32.1893450205385
339,1,1.23801479463642,0,10.9465889484369,0,0,0,0,0,14.8344501124149,0,0,79.3961513335134,1.37837612148239e-09,0,0,0,0,32.1457509502382
340,1,1.23611797933469,0,10.9311781238044,0,0,0,0,0,14.8138011727949,0,0,79.2892095310895,1.24053850933415e-09,0,0,0,0,32.1026955555163
341,1,1.2342458562706,0,10.9159549348462,0,0,0,0,0,14.7934075917918,0,0,79.1835648351958,1.11648465840074e-09,0,0,0,0,32.0601711043372
342,1,1.23239801665106,0,10.900916754494,0,0,0,0,0,14.7732656892765,0,0,79.0791994100149,1.00483619256066e-09,0,0,0,0,32.0181700025212
343,1,1.2305740607289,0,10.886060998042,0,0,0,0,0,14.7533718465758,0,0,78.9760957081641,9.04352573304597e-10,0,0,0,0,31.9766847906062
344,1,1.22877359755289,0,10.8713851224081,0,0,0,0,0,14.7337225052745,0,0,78.8742364650414,8.13917315974138e-10,0,0,0,0,31.9357081407278
345,1,1.22699624472365,0,10.8568866254055,0,0,0,0,0,14.7143141660613,0,0,78.7736046931849,7.32525584376724e-10,0,0,0,0,31.8952328535282
346,1,1.22524162815565,0,10.842563045026,0,0,0,0,0,14.6951433876168,0,0,78.674183676665,6.59273025939051e-10,0,0,0,0,31.8552518551021
347,1,1.22350938184522,0,10.8284119587322,0,0,0,0,0,14.6762067855386,0,0,78.5759569655285,5.93345723345146e-10,0,0,0,0,31.81575819399
348,1,1.22179914764455,0,10.8144309827623,0,0,0,0,0,14.6575010313016,0,0,78.4789083703112,5.34011151010632e-10,0,0,0,0,31.7767450382244
349,1,1.22011057504189,0,10.8006177714438,0,0,0,0,0,14.6390228512506,0,0,78.3830219566348,4.80610035909569e-10,0,0,0,0,31.7382056724384
350,1,1.21844332094772,0,10.7869700165197,0,0,0,0,0,14.6207690256222,0,0,78.2882820399029,4.32549032318612e-10,0,0,0,0,31.7001334950421
351,1,1.21679704948718,0,10.7734854464848,0,0,0,0,0,14.602736387594,0,0,78.1946731801084,3.89294129086751e-10,0,0,0,0,31.6625220154726
352,1,1.21517143179852,0,10.7601618259337,0,0,0,0,0,14.584921822359,0,0,78.1021801767629,3.50364716178076e-10,0,0,0,0,31.625364851521
353,1,1.21356614583768,0,10.7469969549198,0,0,0,0,0,14.5673222662229,0,0,78.0107880639556,3.15328244560268e-10,0,0,0,0,31.5886557267427
354,1,1.21198087618889,0,10.7339886683261,0,0,0,0,0,14.5499347057227,0,0,77.9204821055501,2.83795420104241e-10,0,0,0,0,31.5523884679497
355,1,1.21041531388136,0,10.7211348352473,0,0,0,0,0,14.5327561767637,0,0,77.8312477905226,2.55415878093817e-10,0,0,0,0,31.5165570027903
356,1,1.20886915621176,0,10.7084333583822,0,0,0,0,0,14.5157837637747,0,0,77.743070828443,2.29874290284435e-10,0,0,0,0,31.4811553574145
357,1,1.20734210657264,0,10.6958821734389,0,0,0,0,0,14.4990145988787,0,0,77.6559371451029,2.06886861255992e-10,0,0,0,0,31.4461776542253
358,1,1.20583387428651,0,10.6834792485493,0,0,0,0,0,14.4824458610784,0,0,77.5698328782871,1.86198175130393e-10,0,0,0,0,31.4116181097162
359,1,1.20434417444555,0,10.6712225836948,0,0,0,0,0,14.4660747754535,0,0,77.4847443736878,1.67578357617353e-10,0,0,0,0,31.3774710323922
360,1,1.20287272775668,0,10.659110210143,0,0,0,0,0,14.449898612371,0,0,77.400658180959,1.50820521855618e-10,0,0,0,0,31.3437308207728
361,1,1.20141926039208,0,10.6471401898933,0,0,0,0,0,14.4339146867055,0,0,77.317561049907,1.35738469670056e-10,0,0,0,0,31.3103919614746
362,1,1.19998350384478,0,10.6353106151336,0,0,0,0,0,14.4181203570694,0,0,77.2354399268114,1.22164622703051e-10,0,0,0,0,31.2774490273701
363,1,1.19856519478924,0,10.6236196077057,0,0,0,0,0,14.4025130250521,0,0,77.1542819508735,1.09948160432746e-10,0,0,0,0,31.2448966758207
364,1,1.19716407494681,0,10.6120653185806,0,0,0,0,0,14.3870901344679,0,0,77.0740744507853,9.8953344389471e-11,0,0,0,0,31.2127296469795
365,1,1.19577989095592,0,10.6006459273432,0,0,0,0,0,14.3718491706112,0,0,76.9948049414142,8.90580099505239e-11,0,0,0,0,31.1809427621614
