"Time","WWWW","WWWR","WWWB","WWRR","WWRB","WWBB","WHWW","WHWR","WHWB","WHRR","WHRB","WHBB","HHWW","HHWR","HHWB","HHRR","HHRB","HHBB"
0,250,0,0,0,0,0,0,0,0,0,0,0,0,0,0,0,0,0
2,252.959248858539,0,0,0,0,0,0,0,0,0,0,0,0,0,0,0,0,0
3,255.622572831225,0,0,0,0,0,0,0,0,0,0,0,0,0,0,0,0,0
4,258.019564406642,0,0,0,0,0,0,0,0,0,0,0,0,0,0,0,0,0
5,260.176856824517,0,0,0,0,0,0,0,0,0,0,0,0,0,0,0,0,0
6,262.118420000604,0,0,0,0,0,0,0,0,0,0,0,0,0,0,0,0,0
7,263.865826859083,0,0,0,0,0,0,0,0,0,0,0,0,0,0,0,0,0
8,265.438493031714,0,0,0,0,0,0,0,0,0,0,0,0,0,0,0,0,0
9,266.853892587082,0,0,0,0,0,0,0,0,0,0,0,0,0,0,0,0,0
10,268.127752186913,0,0,0,0,0,0,0,0,0,0,0,0,0,0,0,0,0
11,269.274225826761,0,0,0,0,0,0,0,0,0,0,0,0,0,0,0,0,0
12,270.306052102624,0,0,0,0,0,0,0,0,0,0,0,0,0,0,0,0,0
13,271.234695750901,0,0,0,0,0,0,0,0,0,0,0,0,0,0,0,0,0
14,272.031296668613,0,0,0,0,0,0,0,0,0,0,0,0,0,0,0,0,0
15,272.674166622055,0,0,0,0,0,0,0,0,0,0,0,0,0,0,0,0,0
16,273.147672542702,0,0,0,0,0,0,0,0,0,0,0,0,0,0,0,0,0
17,273.441260170161,0,0,0,0,0,0,0,0,0,0,0,0,0,0,0,0,0
18,273.548604675824,0,0,0,0,0,0,0,0,0,0,0,0,0,0,0,0,0
19,273.466875025541,0,0,0,0,0,0,0,0,0,0,0,0,0,0,0,0,0
20,274.211006498353,0,0,0,0,0,0,0,0,0,0,0,0,0,0,0,0,0
21,274.994461771954,0,0,0,0,0,0,0,0,0,0,0,0,0,0,0,0,0
22,275.802201628911,0,0,0,0,0,0,0,0,0,0,0,0,0,0,0,0,0
23,276.622108593758,0,0,0,0,0,0,0,0,0,0,0,0,0,0,0,0,0
24,277.444555080508,0,0,0,0,0,0,0,0,0,0,0,0,0,0,0,0,0
25,278.262022457312,0,0,0,0,0,0,0,0,0,0,0,0,0,0,0,0,0
26,279.068929704918,0,0,0,0,0,0,0,0,0,0,0,0,0,0,0,0,0
27,279.861554632449,0,0,0,0,0,0,0,0,0,0,0,0,0,0,0,0,0
28,280.635344709866,0,0,0,0,0,0,0,0,0,0,0,0,0,0,0,0,0
29,281.387964205689,0,0,0,0,0,0,0,0,0,0,0,0,0,0,0,0,0
30,282.119094647713,0,0,0,0,0,0,0,0,0,0,0,0,0,0,0,0,0
31,282.830266732541,0,0,0,0,0,0,0,0,0,0,0,0,0,0,0,0,0
32,283.516338303039,0,0,0,0,0,0,0,0,0,0,0,0,0,0,0,0,0
33,284.167606144626,0,0,0,0,0,0,0,0,0,0,0,0,0,0,0,0,0
34,284.771274216086,0,0,0,0,0,0,0,0,0,0,0,0,0,0,0,0,0
35,285.312502839475,0,0,0,0,0,0,0,0,0,0,0,0,0,0,0,0,0
36,285.775185678669,0,0,0,0,0,0,0,0,0,0,0,0,0,0,0,0,0
37,286.142532506266,0,0,0,0,0,0,0,0,0,0,0,0,0,0,0,0,0
38,286.50476365254,0,0,0,0,0,0,0,0,0,0,0,0,0,0,0,0,0
39,286.862137199793,0,0,0,0,0,0,0,0,0,0,0,0,0,0,0,0,0
40,287.21501172313,0,0,0,0,0,0,0,0,0,0,0,0,0,0,0,0,0
41,287.56368268358,0,0,0,0,0,0,0,0,0,0,0,0,0,0,0,0,0
42,287.908336059539,0,0,0,0,0,0,0,0,0,0,0,0,0,0,0,0,0
43,288.24905483247,0,0,0,0,0,0,0,0,0,0,0,0,0,0,0,0,0
44,288.585893799833,0,0,0,0,0,0,0,0,0,0,0,0,0,0,0,0,0
45,288.919015789181,0,0,0,0,0,0,0,0,0,0,0,0,0,0,0,0,0
46,289.248325656561,0,0,0,0,0,0,0,0,0,0,0,0,0,0,0,0,0
47,289.573814274272,0,0,0,0,0,0,0,0,0,0,0,0,0,0,0,0,0
48,289.895866808667,0,0,0,0,0,0,0,0,0,0,0,0,0,0,0,0,0
49,290.215546275871,0,0,0,0,0,0,0,0,0,0,0,0,0,0,0,0,0
50,290.533554972389,0,0,0,0,0,0,0,0,0,0,0,0,0,0,0,0,0
51,290.849612263556,0,0,0,0,0,0,0,0,0,0,0,0,0,0,0,0,0
52,291.162081061009,0,0,0,0,0,0,0,0,0,0,0,0,0,0,0,0,0
53,291.467746204957,0,0,0,0,0,0,0,0,0,0,0,0,0,0,0,0,0
54,291.761690535063,0,0,0,0,0,0,0,0,0,0,0,0,0,0,0,0,0
55,292.037234323791,0,0,0,0,0,0,0,0,0,0,0,0,0,0,0,0,0
56,292.296946889436,0,0,0,0,0,0,0,0,0,0,0,0,0,0,0,0,0
57,292.542729630156,0,0,0,0,0,0,0,0,0,0,0,0,0,0,0,0,0
58,292.776064575008,0,0,0,0,0,0,0,0,0,0,0,0,0,0,0,0,0
59,292.998155559041,0,0,0,0,0,0,0,0,0,0,0,0,0,0,0,0,0
60,293.210010846745,0,0,0,0,0,0,0,0,0,0,0,0,0,0,0,0,0
61,293.412492293877,0,0,0,0,0,0,0,0,0,0,0,0,0,0,0,0,0
62,293.606353617688,0,0,0,0,0,0,0,0,0,0,0,0,0,0,0,0,0
63,293.792285099913,0,0,0,0,0,0,0,0,0,0,0,0,0,0,0,0,0
64,293.970892831508,0,0,0,0,0,0,0,0,0,0,0,0,0,0,0,0,0
65,294.142729143038,0,0,0,0,0,0,0,0,0,0,0,0,0,0,0,0,0
66,294.308366511992,0,0,0,0,0,0,0,0,0,0,0,0,0,0,0,0,0
67,294.46851047478,0,0,0,0,0,0,0,0,0,0,0,0,0,0,0,0,0
68,294.623971223833,0,0,0,0,0,0,0,0,0,0,0,0,0,0,0,0,0
69,294.775561669966,0,0,0,0,0,0,0,0,0,0,0,0,0,0,0,0,0
70,294.923957617056,0,0,0,0,0,0,0,0,0,0,0,0,0,0,0,0,0
71,295.069538803933,0,0,0,0,0,0,0,0,0,0,0,0,0,0,0,0,0
72,295.212221165032,0,0,0,0,0,0,0,0,0,0,0,0,0,0,0,0,0
73,295.351285805951,0,0,0,0,0,0,0,0,0,0,0,0,0,0,0,0,0
74,295.486327243932,0,0,0,0,0,0,0,0,0,0,0,0,0,0,0,0,0
75,295.617128211525,0,0,0,0,0,0,0,0,0,0,0,0,0,0,0,0,0
76,295.743587870775,0,0,0,0,0,0,0,0,0,0,0,0,0,0,0,0,0
77,295.865679494474,0,0,0,0,0,0,0,0,0,0,0,0,0,0,0,0,0
78,294.258263378443,0,0,0,0,0,0,0,1.72516120332371,0,0,0,0,0,0,0,0,0
79,291.345117304492,0,0,0,0,0,0,0,4.75175858654359,0,0,0,0,0,0,0,0,0
80,287.483195536816,0,0,0,0,0,0,0,8.72291076809225,0,0,0,0,0,0,0,0,0
81,282.971354326486,0,0,0,0,0,0,0,13.3398492419922,0,0,0,0,0,0,0,0,0
82,278.057984058399,0,0,0,0,0,0,0,18.3542776057175,0,0,0,0,0,0,0,0,0
83,272.947693964764,0,0,0,0,0,0,0,23.5616821734243,0,0,0,0,0,0,0,0,0
84,267.807177378314,0,0,0,0,0,0,0,28.7954717688957,0,0,0,0,0,0,0,0,0
85,262.770369703867,0,0,0,0,0,0,0,33.9218394843588,0,0,0,0,0,0,0,0,0
86,257.942982200298,0,0,0,0,0,0,0,38.8352453905433,0,0,0,0,0,0,0,0,0
87,253.406486210685,0,0,0,0,0,0,0,43.4544375511682,0,0,0,0,0,0,0,0,0
88,249.221613193108,0,0,0,0,0,0,0,47.718942608854,0,0,0,0,0,0,0,0,0
89,245.431427008597,0,0,0,0,0,0,0,51.5859681859001,0,0,0,0,0,0,0,0,0
90,242.064244680011,0,0,0,0,0,0,0,55.0277607616296,0,0,0,0,0,0,0,0,0
91,239.136085111296,0,0,0,0,0,0,0,58.0292238612233,0,0,0,0,0,0,0,0,0
92,236.652837109802,0,0,0,0,0,0,0,60.5858087783636,0,0,0,0,0,0,0,0,0
93,233.409060950006,0,0,0,0,0,0,0,63.9046987168812,0,0,0,0,0,0,0,0,0
94,229.659245533686,0,0,0,0,0,0,0,67.7335000302683,0,0,0,0,0,0,0,0,0
95,225.616392800026,0,0,0,0,0,0,0,71.8615879514196,0,0,0,0,0,0,0,0,0
96,221.370390994786,0,0.0353695410243202,0,0,0,0,0,76.0555748848973,0,0,0,0,0,0,0,0,0
97,216.994220006907,0,0.135426607749646,0,0,0,0,0,80.1484680697704,0,0,0,0,0,0,0,0,0
98,212.547984305625,0,0.323085494264627,0,0,0,0,0,84.0245933795222,0,0,0,0,0,0,0,0,0
99,208.081980334449,0,0.614973851327229,0,0,0,0,0,87.6075303136036,0,0,0,0,0,0,0,0,0
100,203.638985381499,0,1.02186355708007,0,0,0,0,0,90.8505203253389,0,0,0,0,0,0,0,0,0
101,199.255934838432,0,1.54929335147205,0,0,0,0,0,93.7288943382972,0,0,0,0,0,0,0,0,0
102,194.964249749951,0,2.19824407593564,0,0,0,0,0,96.2334705366053,0,0,0,0,0,0,0,0,0
103,190.791292905353,0,2.96587875915814,0,0,0,0,0,98.366377262847,0,0,0,0,0,0,0,0,0
104,186.761279641711,0,3.84627238719458,0,0,0,0,0,100.137757991007,0,0,0,0,0,0,0,0,0
105,182.895979753243,0,4.8311075270053,0,0,0,0,0,101.563312031213,0,0,0,0,0,0,0,0,0
106,179.215104062315,0,5.91030007341872,0,0,0,0,0,102.66235511952,0,0,0,0,0,0,0,0,0
107,175.736505955672,0,7.0725409901518,0,0,0,0,0,103.45631784077,0,0,0,0,0,0,0,0,0
108,171.817812986639,0,8.12390572456606,0,0,0,0,0,104.59432232748,0,0,0,0,0,0,0,0,0
109,167.621155901133,0,9.08925622574131,0,0,0,0,0,105.967566267511,0,0,0,0,0,0,0,0,0
110,163.285095456177,0,9.98947271644984,0,0,0,0,0,107.487688870368,0,0,0,0,0,0,0,0,0
111,158.880472205028,0,10.8546675412147,0,0,0,0,0,109.028682379257,0,0,0,0,0,0,0,0,0
112,154.467285859912,0,11.7093888292036,0,0,0,0,0,110.503180328281,0,0,0,0,0,0,0,0,0
113,150.096713074278,0,12.5731512526082,0,0,0,0,0,111.853668438423,0,0,0,0,0,0,0,0,0
114,145.809598137303,0,13.4603691394187,0,0,0,0,0,113.040763644105,0,0,0,0,0,0,0,0,0
115,141.637828212662,0,14.3813885413648,0,0,0,0,0,114.039337228867,0,0,0,0,0,0,0,0,0
116,137.605520009079,0,15.3433017075067,0,0,0,0,0,114.835266537955,0,0,0,0,0,0,0,0,0
117,133.729205283141,0,16.350353375675,0,0,0,0,0,115.421679817831,0,0,0,0,0,0,0,0,0
118,130.019562406717,0,17.4045596903718,0,0,0,0,0,115.797665084787,0,0,0,0,0,0,0,0,0
119,126.48274191817,0,18.5061880951608,0,0,0,0,0,115.967073457917,0,0,0,0,0,0,0,0,0
120,123.121710915132,0,19.6542167791628,0,0,0,0,0,115.937816255665,0,0,0,0,0,0,0,0,0
121,119.937176197451,0,20.8466824315677,0,0,0,0,0,115.721031483625,0,0,0,0,0,0,0,0,0
122,116.928260790934,0,22.0809498146031,0,0,0,0,0,115.330258898951,0,0,0,0,0,0,0,0,0
123,113.728350610967,0,23.1158600622351,0,0,0,0,0,115.152157141154,0,0,0,0,0,0,0,0,0
124,110.422167938017,0,23.9977840877304,0,0,0,0,0,115.123425263499,0,0,0,0,0,0,0,0,0
125,107.081027197042,0,24.7668234623916,0,0,0,0,0,115.194288872962,0,0,0,0,0,0,0,0,0
126,103.741826281534,0,25.4544559130956,0,0,0,0,0,115.282106191495,0,0,0,0,0,0,0,0,0
127,100.43478633898,0,26.0871560134684,0,0,0,0,0,115.330357160939,0,0,0,0,0,0,0,0,0
128,97.1847608918382,0,26.6870504327736,0,0,0,0,0,115.302838293074,0,0,0,0,0,0,0,0,0
129,94.0110131660729,0,27.2715534044492,0,0,0,0,0,115.175832163145,0,0,0,0,0,0,0,0,0
130,90.9282279531547,0,27.8542151811868,0,0,0,0,0,114.935465743421,0,0,0,0,0,0,0,0,0
131,87.9473444524214,0,28.4454341227024,0,0,0,0,0,114.575498870315,0,0,0,0,0,0,0,0,0
132,85.0754459322901,0,29.0525150085914,0,0,0,0,0,114.093931756718,0,0,0,0,0,0,0,0,0
133,82.316873730166,0,29.6803533394924,0,0,0,0,0,113.49240969797,0,0,0,0,0,0,0,0,0
134,79.6739857838348,0,30.3319678935864,0,0,0,0,0,112.775547855341,0,0,0,0,0,0,0,0,0
135,77.1478459856082,0,31.009015120461,0,0,0,0,0,111.95056418462,0,0,0,0,0,0,0,0,0
136,74.7386157934823,0,31.7121573324589,0,0,0,0,0,111.026708605027,0,0,0,0,0,0,0,0,0
137,72.4457850718776,0,32.4413334597304,0,0,0,0,0,110.014649928466,0,0,0,0,0,0,0,0,0
138,70.0898578319246,0,32.9739673368382,0,0,0,0,0,109.148619868524,0,0,0,0,0,0,0,0,0
139,67.7131597751416,0,33.3579145685018,0,0,0,0,0,108.393957662397,0,0,0,0,0,0,0,0,0
140,65.3512030645311,0,33.6345349234125,0,0,0,0,0,107.723891759392,0,0,0,0,0,0,0,0,0
141,63.02241155285,0,33.8320818511778,0,0,0,0,0,107.082151745169,0,0,0,0,0,0,0,0,0
142,60.7416065398983,0,33.9744780008265,0,0,0,0,0,106.430381601133,0,0,0,0,0,0,0,0,0
143,58.5206220788993,0,34.0819179728316,0,0,0,0,0,105.744122076835,0,0,0,0,0,0,0,0,0
144,56.3682892151076,0,34.1705239730682,0,0,0,0,0,105.00742379979,0,0,0,0,0,0,0,0,0
145,54.2909654874948,0,34.2530276332078,0,0,0,0,0,104.210975045668,0,0,0,0,0,0,0,0,0
146,52.2929620453634,0,34.3393377036349,0,0,0,0,0,103.350516200275,0,0,0,0,0,0,0,0,0
147,50.3764244557744,0,34.4364682562987,0,0,0,0,0,102.424133307466,0,0,0,0,0,0,0,0,0
148,48.542007133138,0,34.5492405697186,0,0,0,0,0,101.432165645921,0,0,0,0,0,0,0,0,0
149,46.7893326192629,0,34.6808125542151,0,0,0,0,0,100.376951159191,0,0,0,0,0,0,0,0,0
150,45.1173720736967,0,34.8331397463069,0,0,0,0,0,99.2626676080524,0,0,0,0,0,0,0,0,0
151,43.5246701897227,0,35.0072974405951,0,0,0,0,0,98.0949957114707,0,0,0,0,0,0,0,0,0
152,42.0094835085899,0,35.203714189743,0,0,0,0,0,96.8807263870782,0,0,0,0,0,0,0,0,0
153,40.4836339064876,0,35.2451150507836,0,0,0,0,0,95.7702053609837,0,0,0,0,0,0,0,0,0
154,38.9667074502312,0,35.1714561068617,0,0,0,0,0,94.7415509783387,0,0,0,0,0,0,0,0,0
155,37.4749966424089,0,35.0171442431176,0,0,0,0,0,93.7783445794926,0,0,0,0,0,0,0,0,0
156,36.0168683906563,0,34.8048303437735,0,0,0,0,0,92.8420877359206,0,0,0,0,0,0,0,0,0
157,34.5989038546658,0,34.5537156006929,0,0,0,0,0,91.9066829786583,0,0,0,0,0,0,0,0,0
158,33.2262003123117,0,34.2800372333443,0,0,0,0,0,90.9557014098933,0,0,0,0,0,0,0,0,0
159,31.9023904012639,0,33.996833963785,0,0,0,0,0,89.9786411418176,0,0,0,0,0,0,0,0,0
160,30.6299075062307,0,33.7144672519886,0,0,0,0,0,88.9696235611882,0,0,0,0,0,0,0,0,0
161,29.4101909877633,0,33.4410419845537,0,0,0,0,0,87.9262445228013,0,0,0,0,0,0,0,0,0
162,28.243603135821,0,33.1822938641837,0,0,0,0,0,86.8474845367791,0,0,0,0,0,0,0,0,0
163,27.129785987867,0,32.9421889213238,0,0,0,0,0,85.7337781183465,0,0,0,0,0,0,0,0,0
164,26.0678998457361,0,32.7233616489467,0,0,0,0,0,84.5869088884186,0,0,0,0,0,0,0,0,0
165,25.0568052431969,0,32.5274650605944,0,0,0,0,0,83.4098938581424,0,0,0,0,0,0,0,0,0
166,24.0951720593168,0,32.3554156341556,0,0,0,0,0,82.206751285682,0,0,0,0,0,0,0,0,0
167,23.1815474571741,0,32.2075723667126,0,0,0,0,0,80.9822324992566,0,0,0,0,0,0,0,0,0
168,22.2725375501626,0,31.951354788152,0,0,0,0,0,79.8382429209492,0,0,0,0,0,0,0,0,0
169,21.3771616025615,0,31.6170689116843,0,0,0,0,0,78.7602314952453,0,0,0,0,0,0,0,0,0
170,20.5028523415089,0,31.2306981952149,0,0,0,0,0,77.7373845007877,0,0,0,0,0,0,0,0,0
171,19.6533347121203,0,30.8091045753174,0,0,0,0,0,76.7423587415586,0,0,0,0,0,0,0,0,0
172,18.8314574277367,0,30.3665312071725,0,0,0,0,0,75.7565480310572,0,0,0,0,0,0,0,0,0
173,18.0393377000252,0,29.9149645734023,0,0,0,0,0,74.7681793898426,0,0,0,0,0,0,0,0,0
174,17.2783843481922,0,29.4640246315752,0,0,0,0,0,73.7697414257115,0,0,0,0,0,0,0,0,0
175,16.5494274638985,0,29.0213408515816,0,0,0,0,0,72.7570458197392,0,0,0,0,0,0,0,0,0
176,15.8528159641018,0,28.5928483686622,0,0,0,0,0,71.7283757559558,0,0,0,0,0,0,0,0,0
177,15.1883771022229,0,28.1826983713556,0,0,0,0,0,70.6829409831209,0,0,0,0,0,0,0,0,0
178,14.5555941733434,0,27.7937146391689,0,0,0,0,0,69.6209611373078,0,0,0,0,0,0,0,0,0
179,13.9537257920072,0,27.4277251738747,0,0,0,0,0,68.5436123016665,0,0,0,0,0,0,0,0,0
180,13.381892485551,0,27.0858131411327,0,0,0,0,0,67.4529284248564,0,0,0,0,0,0,0,0,0
181,12.839130723398,0,26.7684964728664,0,0,0,0,0,66.3516365688846,0,0,0,0,0,0,0,0,0
182,12.3244278113824,0,26.4758618002046,0,0,0,0,0,65.2429729077974,0,0,0,0,0,0,0,0,0
183,11.8160579391362,0,26.1115781919921,0,0,0,0,0,64.1987158432269,0,0,0,0,0,0,0,0,0
184,11.3181958350506,0,25.6975011919706,0,0,0,0,0,63.2085526215129,0,0,0,0,0,0,0,0,0
185,10.8342513805475,0,25.2523042582714,0,0,0,0,0,62.2648221244152,0,0,0,0,0,0,0,0,0
186,10.3658700060166,0,24.7879842000224,0,0,0,0,0,61.3473648973885,0,0,0,0,0,0,0,0,0
187,9.91427431114145,0,24.3146485723385,0,0,0,0,0,60.4423862315547,0,0,0,0,0,0,0,0,0
188,9.48033415768332,0,23.8407741434572,0,0,0,0,0,59.5410914209196,0,0,0,0,0,0,0,0,0
189,9.06458139112581,0,23.3731588006529,0,0,0,0,0,58.6378614201843,0,0,0,0,0,0,0,0,0
190,8.66727224957812,0,22.9171825979182,0,0,0,0,0,57.7295555787936,0,0,0,0,0,0,0,0,0
191,8.28843298324598,0,22.4770081163767,0,0,0,0,0,56.8148627759023,0,0,0,0,0,0,0,0,0
192,7.92784352317653,0,22.0555285838032,0,0,0,0,0,55.8931880339637,0,0,0,0,0,0,0,0,0
193,7.58512147211073,0,21.6546865441019,0,0,0,0,0,54.9646899285162,0,0,0,0,0,0,0,0,0
194,7.25977916577841,0,21.2757065221067,0,0,0,0,0,54.0302283778012,0,0,0,0,0,0,0,0,0
195,6.95126398008801,0,20.919265890884,0,0,0,0,0,53.0912691245336,0,0,0,0,0,0,0,0,0
196,6.65898454706144,0,20.5856206229738,0,0,0,0,0,52.1497572399425,0,0,0,0,0,0,0,0,0
197,6.38232837675023,0,20.2747014707665,0,0,0,0,0,51.2079850707618,0,0,0,0,0,0,0,0,0
198,6.11021755426957,0,19.917291008596,0,0,0,0,0,50.3178248270115,0,0,0,0,0,0,0,0,0
199,5.84463946371716,0,19.5288103407784,0,0,0,0,0,49.4717792727546,0,0,0,0,0,0,0,0,0
200,5.58720583761405,0,19.1223962530764,0,0,0,0,0,48.6642427120865,0,0,0,0,0,0,0,0,0
201,5.33866657903625,0,18.706403619834,0,0,0,0,0,47.8799675128097,0,0,0,0,0,0,0,0,0
202,5.09956524108224,0,18.2878579407297,0,0,0,0,0,47.1084557344674,0,0,0,0,0,0,0,0,0
203,4.87027374551709,0,17.8726370395263,0,0,0,0,0,46.3429589884002,0,0,0,0,0,0,0,0,0
204,4.65100039696862,0,17.4654500508417,0,0,0,0,0,45.5791455463151,0,0,0,0,0,0,0,0,0
205,4.44182026581445,0,17.0700163508741,0,0,0,0,0,44.8145741409699,0,0,0,0,0,0,0,0,0
206,4.24269696709592,0,16.6892004692472,0,0,0,0,0,44.0481960809576,0,0,0,0,0,0,0,0,0
207,4.05347777886594,0,16.3249928078087,0,0,0,0,0,43.2795676131591,0,0,0,0,0,0,0,0,0
208,3.87393239238356,0,15.9787207655142,0,0,0,0,0,42.508837968919,0,0,0,0,0,0,0,0,0
209,3.70377976812683,0,15.6512049507568,0,0,0,0,0,41.736687113605,0,0,0,0,0,0,0,0,0
210,3.5427069645057,0,15.3428728038955,0,0,0,0,0,40.9642337907982,0,0,0,0,0,0,0,0,0
211,3.39038193838597,0,15.053844707984,0,0,0,0,0,40.1929339462127,0,0,0,0,0,0,0,0,0
212,3.2464625215657,0,14.7840015512826,0,0,0,0,0,39.4244821921051,0,0,0,0,0,0,0,0,0
213,3.10519168571434,0,14.4838305044047,0,0,0,0,0,38.6968491878802,0,0,0,0,0,0,0,0,0
214,2.9675497870028,0,14.1641143393701,0,0,0,0,0,38.0045778116492,0,0,0,0,0,0,0,0,0
215,2.83432850807636,0,13.834017665796,0,0,0,0,0,37.3435578263768,0,0,0,0,0,0,0,0,0
216,2.7058872747406,0,13.4993124443438,0,0,0,0,0,36.7021019071875,0,0,0,0,0,0,0,0,0
217,2.58248284077727,0,13.1648475745461,0,0,0,0,0,36.0721244155029,0,0,0,0,0,0,0,0,0
218,2.46428695233494,0,12.8346760079847,0,0,0,0,0,35.4483962055529,0,0,0,0,0,0,0,0,0
219,2.35139047798133,0,12.5120450032145,0,0,0,0,0,34.8275479588152,0,0,0,0,0,0,0,0,0
220,2.24381848224576,0,12.1995181779174,0,0,0,0,0,34.2076693943499,0,0,0,0,0,0,0,0,0
221,2.14154094431152,0,11.8990668177648,0,0,0,0,0,33.5879271172018,0,0,0,0,0,0,0,0,0
222,2.04447231877256,0,11.6120715488823,0,0,0,0,0,32.9680138997025,0,0,0,0,0,0,0,0,0
223,1.95248922642252,0,11.3394575641026,0,0,0,0,0,32.3481011947051,0,0,0,0,0,0,0,0,0
224,1.86544302238792,0,11.0817965140989,0,0,0,0,0,31.7287689440394,0,0,0,0,0,0,0,0,0
225,1.78316867093451,0,10.839380998271,0,0,0,0,0,31.1109198783836,0,0,0,0,0,0,0,0,0
226,1.70549104482206,0,10.6122826102764,0,0,0,0,0,30.4956959720177,0,0,0,0,0,0,0,0,0
227,1.63222952629622,0,10.4003985749444,0,0,0,0,0,29.8844026121073,0,0,0,0,0,0,0,0,0
228,1.56034681688109,0,10.1685040235982,0,0,0,0,0,29.3048787417542,0,0,0,0,0,0,0,0,0
229,1.49034324888835,0,9.92409015529947,0,0,0,0,0,28.7532167177017,0,0,0,0,0,0,0,0,0
230,1.4226224022602,0,9.67351317599439,0,0,0,0,0,28.2264550104967,0,0,0,0,0,0,0,0,0
231,1.35736636832664,0,9.42074258494236,0,0,0,0,0,27.7156045187136,0,0,0,0,0,0,0,0,0
232,1.29470496617366,0,9.16911171404938,0,0,0,0,0,27.2144242389926,0,0,0,0,0,0,0,0,0
233,1.23472495444337,0,8.92140657678729,0,0,0,0,0,26.7188614146471,0,0,0,0,0,0,0,0,0
234,1.17747215979354,0,8.67986125676483,0,0,0,0,0,26.2262965486988,0,0,0,0,0,0,0,0,0
235,1.12295912004471,0,8.44624105566828,0,0,0,0,0,25.7352379121016,0,0,0,0,0,0,0,0,0
236,1.07117054964595,0,8.22190493068185,0,0,0,0,0,25.2450304723402,0,0,0,0,0,0,0,0,0
237,1.02206422511414,0,8.00781792422019,0,0,0,0,0,24.7554745660439,0,0,0,0,0,0,0,0,0
238,0.975579067223127,0,7.80463598346112,0,0,0,0,0,24.2667596398882,0,0,0,0,0,0,0,0,0
239,0.931641043871366,0,7.61277121584928,0,0,0,0,0,23.7793923031501,0,0,0,0,0,0,0,0,0
240,0.890167412914279,0,7.43244033327775,0,0,0,0,0,23.2941195933373,0,0,0,0,0,0,0,0,0
241,0.851069855718715,0,7.26370333378455,0,0,0,0,0,22.811859975025,0,0,0,0,0,0,0,0,0
242,0.814256850919257,0,7.10649521378481,0,0,0,0,0,22.3336439159069,0,0,0,0,0,0,0,0,0
243,0.778114052158483,0,6.93604096971957,0,0,0,0,0,21.8796867767758,0,0,0,0,0,0,0,0,0
244,0.742902374252981,0,6.75748619658583,0,0,0,0,0,21.447275575582,0,0,0,0,0,0,0,0,0
245,0.708832493832054,0,6.57519128612992,0,0,0,0,0,21.0343473574534,0,0,0,0,0,0,0,0,0
246,0.676000444305212,0,6.39186292652061,0,0,0,0,0,20.6340381473659,0,0,0,0,0,0,0,0,0
247,0.644475165264519,0,6.20977314607368,0,0,0,0,0,20.2415714499704,0,0,0,0,0,0,0,0,0
248,0.614303382690953,0,6.0308211528603,0,0,0,0,0,19.8538382475678,0,0,0,0,0,0,0,0,0
249,0.585510741615168,0,5.85653163460953,0,0,0,0,0,19.4688246634504,0,0,0,0,0,0,0,0,0
250,0.558105744937201,0,5.68811112614751,0,0,0,0,0,19.0853808533024,0,0,0,0,0,0,0,0,0
251,0.532082620013784,0,5.5264909452539,0,0,0,0,0,18.7030025803023,0,0,0,0,0,0,0,0,0
252,0.507422331441615,0,5.37234321135174,0,0,0,0,0,18.3215698770545,0,0,0,0,0,0,0,0,0
253,0.484096296419543,0,5.22613326588735,0,0,0,0,0,17.9412758637299,0,0,0,0,0,0,0,0,0
254,0.462069176869172,0,5.08816088720685,0,0,0,0,0,17.5625590344849,0,0,0,0,0,0,0,0,0
255,0.441300936227594,0,4.9585915636172,0,0,0,0,0,17.1860374221383,0,0,0,0,0,0,0,0,0
256,0.421748411996455,0,4.83748197496795,0,0,0,0,0,16.8124523241234,0,0,0,0,0,0,0,0,0
257,0.403366544274433,0,4.72480121894261,0,0,0,0,0,16.4426216484174,0,0,0,0,0,0,0,0,0
258,0.385300871645136,0,4.60348435920768,0,0,0,0,0,16.0909140787115,0,0,0,0,0,0,0,0,0
259,0.367687653284147,0,4.47699172450797,0,0,0,0,0,15.7555312940773,0,0,0,0,0,0,0,0,0
260,0.350637074220011,0,4.348252125744,0,0,0,0,0,15.4351075056002,0,0,0,0,0,0,0,0,0
261,0.334200334337118,0,4.21907836999135,0,0,0,0,0,15.1244988876331,0,0,0,0,0,0,0,0,0
262,0.318414502000426,0,4.09099053865044,0,0,0,0,0,14.8201215018625,0,0,0,0,0,0,0,0,0
263,0.303305104487342,0,3.96525850996747,0,0,0,0,0,14.5196402320918,0,0,0,0,0,0,0,0,0
264,0.288886761611072,0,3.84290231688956,0,0,0,0,0,14.2215406928602,0,0,0,0,0,0,0,0,0
265,0.27516522476657,0,3.72472987423277,0,0,0,0,0,13.9249573166694,0,0,0,0,0,0,0,0,0
266,0.262138899474702,0,3.61136635031957,0,0,0,0,0,13.6295131461134,0,0,0,0,0,0,0,0,0
267,0.249799625765461,0,3.50326950573735,0,0,0,0,0,13.3351432016653,0,0,0,0,0,0,0,0,0
268,0.238134396704845,0,3.40076166375577,0,0,0,0,0,13.042028062163,0,0,0,0,0,0,0,0,0
269,0.227126685984915,0,3.30405538523495,0,0,0,0,0,12.7505348131806,0,0,0,0,0,0,0,0,0
270,0.216757453441362,0,3.21327344532111,0,0,0,0,0,12.4611631531081,0,0,0,0,0,0,0,0,0
271,0.207005936052111,0,3.12846537099203,0,0,0,0,0,12.1745007426145,0,0,0,0,0,0,0,0,0
272,0.197850281160031,0,3.04962137633793,0,0,0,0,0,11.8911871284653,0,0,0,0,0,0,0,0,0
273,0.188847088227811,0,2.96537160450304,0,0,0,0,0,11.6210887263512,0,0,0,0,0,0,0,0,0
274,0.18006583614886,0,2.87796399294678,0,0,0,0,0,11.3630881448368,0,0,0,0,0,0,0,0,0
275,0.171562706284392,0,2.78929831851157,0,0,0,0,0,11.116343527018,0,0,0,0,0,0,0,0,0
276,0.163364311631913,0,2.70055107796796,0,0,0,0,0,10.8771185318464,0,0,0,0,0,0,0,0,0
277,0.155489979720078,0,2.61270638618639,0,0,0,0,0,10.6428086662748,0,0,0,0,0,0,0,0,0
278,0.147953105350243,0,2.52658451628238,0,0,0,0,0,10.4117167074077,0,0,0,0,0,0,0,0,0
279,0.140761520447436,0,2.44284371089379,0,0,0,0,0,10.1827415863009,0,0,0,0,0,0,0,0,0
280,0.13391853627711,0,2.36200482163835,0,0,0,0,0,9.95525394467091,0,0,0,0,0,0,0,0,0
281,0.127423744396913,0,2.28447098343538,0,0,0,0,0,9.72898228748446,0,0,0,0,0,0,0,0,0
282,0.121273523379608,0,2.21054017475667,0,0,0,0,0,9.5038960036614,0,0,0,0,0,0,0,0,0
283,0.115461832907648,0,2.1404243963927,0,0,0,0,0,9.28014942761738,0,0,0,0,0,0,0,0,0
284,0.109980842659156,0,2.07426537640417,0,0,0,0,0,9.05803396993391,0,0,0,0,0,0,0,0,0
285,0.104821421961871,0,2.01214710377625,0,0,0,0,0,8.8379362988892,0,0,0,0,0,0,0,0,0
286,0.0999735335756427,0,1.95410632813446,0,0,0,0,0,8.62030435245768,0,0,0,0,0,0,0,0,0
287,0.0954265546525277,0,1.90014147396548,0,0,0,0,0,8.40562033231166,0,0,0,0,0,0,0,0,0
288,0.0909592674413335,0,1.84303439915334,0,0,0,0,0,8.20033139985443,0,0,0,0,0,0,0,0,0
289,0.0866052484960133,0,1.78417278105258,0,0,0,0,0,8.00380159160474,0,0,0,0,0,0,0,0,0
290,0.0823915480290939,0,1.72472661175208,0,0,0,0,0,7.81556059497113,0,0,0,0,0,0,0,0,0
291,0.0783311107298217,0,1.66542304499197,0,0,0,0,0,7.6330130265794,0,0,0,0,0,0,0,0,0
292,0.0744332537414281,0,1.60686755521087,0,0,0,0,0,7.4543496199228,0,0,0,0,0,0,0,0,0
293,0.0707043466963636,0,1.54956234561919,0,0,0,0,0,7.27839138085702,0,0,0,0,0,0,0,0,0
294,0.0671480294870065,0,1.49390892886961,0,0,0,0,0,7.10437347446098,0,0,0,0,0,0,0,0,0
295,0.0637657270521455,0,1.44022359888725,0,0,0,0,0,6.93185860903076,0,0,0,0,0,0,0,0,0
296,0.0605570560462194,0,1.3887500948967,0,0,0,0,0,6.76065945135867,0,0,0,0,0,0,0,0,0
297,0.0575201996967445,0,1.33967122942359,0,0,0,0,0,6.59077743145722,0,0,0,0,0,0,0,0,0
298,0.0546522224205546,0,1.29311889461489,0,0,0,0,0,6.42235264900165,0,0,0,0,0,0,0,0,0
299,0.0519493334534727,0,1.24918264376933,0,0,0,0,0,6.25562311977288,0,0,0,0,0,0,0,0,0
300,0.0494071034175531,0,1.20791685965804,0,0,0,0,0,6.09089120405022,0,0,0,0,0,0,0,0,0
301,0.0470206462485239,0,1.16934694094551,0,0,0,0,0,5.92849729400813,0,0,0,0,0,0,0,0,0
302,0.0447847728959236,0,1.13347466942487,0,0,0,0,0,5.76879962939702,0,0,0,0,0,0,0,0,0
303,0.0426941230223779,0,1.10028292727798,0,0,0,0,0,5.61215947242468,0,0,0,0,0,0,0,0,0
304,0.0407432757572891,0,1.06973978261133,0,0,0,0,0,5.45893027629027,0,0,0,0,0,0,0,0,0
305,0.038926841515975,0,1.04180199057386,0,0,0,0,0,5.30944987244671,0,0,0,0,0,0,0,0,0
306,0.0372306208166568,0,1.01607618746255,0,0,0,0,0,5.16269611800497,0,0,0,0,0,0,0,0,0
307,0.0356422593626237,0,0.992238349066184,0,0,0,0,0,5.01802876898616,0,0,0,0,0,0,0,0,0
308,0.0341511439188249,0,0.970026345713695,0,0,0,0,0,4.87510835841772,0,0,0,0,0,0,0,0,0
309,0.0327479443912578,0,0.949217222616346,0,0,0,0,0,4.73377946341709,0,0,0,0,0,0,0,0,0
310,0.0314245238734091,0,0.929623637620746,0,0,0,0,0,4.59402779936821,0,0,0,0,0,0,0,0,0
311,0.0301738408553252,0,0.911090552574792,0,0,0,0,0,4.4559448074956,0,0,0,0,0,0,0,0,0
312,0.0289898336847977,0,0.893491316877495,0,0,0,0,0,4.31969628092142,0,0,0,0,0,0,0,0,0
313,0.0278673099119147,0,0.876724105665632,0,0,0,0,0,4.18549718594699,0,0,0,0,0,0,0,0,0
314,0.0268018418409927,0,0.860708664065166,0,0,0,0,0,4.05359164441881,0,0,0,0,0,0,0,0,0
315,0.0257896699469498,0,0.845383366312166,0,0,0,0,0,3.92423728484255,0,0,0,0,0,0,0,0,0
316,0.0248276148687504,0,0.830702570676873,0,0,0,0,0,3.79769322667774,0,0,0,0,0,0,0,0,0
317,0.0239129988701057,0,0.816634276496204,0,0,0,0,0,3.67421115752959,0,0,0,0,0,0,0,0,0
318,0.0230435775169121,0,0.803158098723385,0,0,0,0,0,3.55402907988491,0,0,0,0,0,0,0,0,0
319,0.0222174801768931,0,0.790263497365421,0,0,0,0,0,3.43736706615403,0,0,0,0,0,0,0,0,0
320,0.021433158405852,0,0.777948222370753,0,0,0,0,0,3.32442454126898,0,0,0,0,0,0,0,0,0
321,0.0206893416417029,0,0.766216954326169,0,0,0,0,0,3.21537875306873,0,0,0,0,0,0,0,0,0
322,0.0199849996319551,0,0.755080122857529,0,0,0,0,0,3.11038415876297,0,0,0,0,0,0,0,0,0
323,0.0193193110444654,0,0.744552886650969,0,0,0,0,0,3.00957251183345,0,0,0,0,0,0,0,0,0
324,0.0186911680360329,0,0.734628803099483,0,0,0,0,0,2.91299064429598,0,0,0,0,0,0,0,0,0
325,0.0180992592978341,0,0.725286037453369,0,0,0,0,0,2.82062124508277,0,0,0,0,0,0,0,0,0
326,0.0175421411051325,0,0.716492602631162,0,0,0,0,0,2.73240009940941,0,0,0,0,0,0,0,0,0
327,0.017018278353105,0,0.70820956463876,0,0,0,0,0,2.64822746732396,0,0,0,0,0,0,0,0,0
328,0.0165260819162062,0,0.700393773759886,0,0,0,0,0,2.5679776966705,0,0,0,0,0,0,0,0,0
329,0.0160639424223428,0,0.693000176741246,0,0,0,0,0,2.49150731744303,0,0,0,0,0,0,0,0,0
330,0.0156302594146702,0,0.685983693336962,0,0,0,0,0,2.41866167391295,0,0,0,0,0,0,0,0,0
331,0.0152234662290447,0,0.679300713113306,0,0,0,0,0,2.3492803111624,0,0,0,0,0,0,0,0,0
332,0.0148420511946363,0,0.672910278030476,0,0,0,0,0,2.28320134483457,0,0,0,0,0,0,0,0,0
333,0.0144845752890849,0,0.666774986237071,0,0,0,0,0,2.22026494358576,0,0,0,0,0,0,0,0,0
334,0.0141496864625053,0,0.660861651569153,0,0,0,0,0,2.16031604450176,0,0,0,0,0,0,0,0,0
335,0.0138361309491779,0,0.655141754438507,0,0,0,0,0,2.103206417871,0,0,0,0,0,0,0,0,0
336,0.0135427620185524,0,0.649591723246387,0,0,0,0,0,2.04879619989339,0,0,0,0,0,0,0,0,0
337,0.0132685465323284,0,0.644193077233485,0,0,0,0,0,1.99695498622293,0,0,0,0,0,0,0,0,0
338,0.0130125696281018,0,0.638932456158904,0,0,0,0,0,1.9475625617175,0,0,0,0,0,0,0,0,0
339,0.012774037836006,0,0.633801558968279,0,0,0,0,0,1.90050933078264,0,0,0,0,0,0,0,0,0
340,0.0125522809202126,0,0.628797010766849,0,0,0,0,0,1.85569650343857,0,0,0,0,0,0,0,0,0
341,0.0123467527232319,0,0.623920174975544,0,0,0,0,0,1.81303608456138,0,0,0,0,0,0,0,0,0
342,0.012156991191191,0,0.61917483266783,0,0,0,0,0,1.77244607668139,0,0,0,0,0,0,0,0,0
343,0.011982588915483,0,0.614565553182788,0,0,0,0,0,1.73384725905206,0,0,0,0,0,0,0,0,0
344,0.0118231723322638,0,0.610096624003038,0,0,0,0,0,1.69716121009345,0,0,0,0,0,0,0,0,0
345,0.0116783861007702,0,0.60577132955742,0,0,0,0,0,1.6623090826609,0,0,0,0,0,0,0,0,0
346,0.0115478818208029,0,0.601591513845326,0,0,0,0,0,1.6292109743082,0,0,0,0,0,0,0,0,0
347,0.0114313104053282,0,0.597557371374017,0,0,0,0,0,1.59778576075319,0,0,0,0,0,0,0,0,0
348,0.0113283174353456,0,0.593667413648617,0,0,0,0,0,1.56795127072045,0,0,0,0,0,0,0,0,0
349,0.0112385409406135,0,0.58991856703094,0,0,0,0,0,1.53962470226328,0,0,0,0,0,0,0,0,0
350,0.011161611187516,0,0.58630636742868,0,0,0,0,0,1.5127232041545,0,0,0,0,0,0,0,0,0
351,0.0110971521058278,0,0.582825222291848,0,0,0,0,0,1.48716455848108,0,0,0,0,0,0,0,0,0
352,0.0110447840313348,0,0.57946871509976,0,0,0,0,0,1.46286791209583,0,0,0,0,0,0,0,0,0
353,0.0110041274874898,0,0.576229932132429,0,0,0,0,0,1.43975451556525,0,0,0,0,0,0,0,0,0
354,0.0109748077858118,0,0.573101796173756,0,0,0,0,0,1.41774843945467,0,0,0,0,0,0,0,0,0
355,0.0109564602643073,0,0.570077395505867,0,0,0,0,0,1.39677724624236,0,0,0,0,0,0,0,0,0
356,0.0109487360122899,0,0.567150299472254,0,0,0,0,0,1.37677260268855,0,0,0,0,0,0,0,0,0
357,0.0109513079542519,0,0.564314854299347,0,0,0,0,0,1.35767082277347,0,0,0,0,0,0,0,0,0
358,0.010963877186262,0,0.561566454851349,0,0,0,0,0,1.33941333556885,0,0,0,0,0,0,0,0,0
359,0.0109861794769023,0,0.558901789627135,0,0,0,0,0,1.32194707580887,0,0,0,0,0,0,0,0,0
360,0.0110179871926242,0,0.556318870791977,0,0,0,0,0,1.30522441502096,0,0,0,0,0,0,0,0,0
361,0.011059107977767,0,0.553816926085693,0,0,0,0,0,1.28920280443048,0,0,0,0,0,0,0,0,0
362,0.0111093812960001,0,0.551396211835886,0,0,0,0,0,1.27384425948542,0,0,0,0,0,0,0,0,0
363,0.0111686735155537,0,0.549057783003966,0,0,0,0,0,1.25911476443456,0,0,0,0,0,0,0,0,0
364,0.01123687211258,0,0.546803247743461,0,0,0,0,0,1.24498365573668,0,0,0,0,0,0,0,0,0
365,0.0113138794748903,0,0.544634527043859,0,0,0,0,0,1.23142302719114,0,0,0,0,0,0,0,0,0
366,0.0113996066954842,0,0.54255363390987,0,0,0,0,0,1.21840718590506,0,0,0,0,0,0,0,0,0
367,0.0114939676658594,0,0.540562481640954,0,0,0,0,0,1.20591217738591,0,0,0,0,0,0,0,0,0
368,0.0115968737183536,0,0.538662727193158,0,0,0,0,0,1.19391539019774,0,0,0,0,0,0,0,0,0
369,0.0117082290114573,0,0.536855652692826,0,0,0,0,0,1.18239524438006,0,0,0,0,0,0,0,0,0
370,0.0118279268020451,0,0.535142085857942,0,0,0,0,0,1.17133096300684,0,0,0,0,0,0,0,0,0
371,0.0119558467044396,0,0.53352235832344,0,0,0,0,0,1.16070242272549,0,0,0,0,0,0,0,0,0
372,0.0120918530002785,0,0.531996299666079,0,0,0,0,0,1.15049007682416,0,0,0,0,0,0,0,0,0
373,0.0122357940329285,0,0.530563264128475,0,0,0,0,0,1.14067494298474,0,0,0,0,0,0,0,0,0
374,0.012387502694255,0,0.529222186544339,0,0,0,0,0,1.13123864714395,0,0,0,0,0,0,0,0,0
375,0.0125467979892701,0,0.527971663700239,0,0,0,0,0,1.12216351464809,0,0,0,0,0,0,0,0,0
376,0.0127134876451557,0,0.526810057278753,0,0,0,0,0,1.11343270001882,0,0,0,0,0,0,0,0,0
377,0.0128873717151532,0,0.52573561457216,0,0,0,0,0,1.1050303470485,0,0,0,0,0,0,0,0,0
378,0.0130682464988806,0,0.524746585168017,0,0,0,0,0,1.09694173727623,0,0,0,0,0,0,0,0,0
379,0.0132559083140138,0,0.523841320713367,0,0,0,0,0,1.08915340310509,0,0,0,0,0,0,0,0,0
380,0.0134501568283656,0,0.523018351440988,0,0,0,0,0,1.08165319495885,0,0,0,0,0,0,0,0,0
381,0.0136507977704351,0,0.522276436995598,0,0,0,0,0,1.07443029942268,0,0,0,0,0,0,0,0,0
382,0.0138576449256274,0,0.52161459187438,0,0,0,0,0,1.06747521055924,0,0,0,0,0,0,0,0,0
383,0.0140705213971193,0,0.521032087721373,0,0,0,0,0,1.06077966005713,0,0,0,0,0,0,0,0,0
384,0.0142892601650936,0,0.520528435923183,0,0,0,0,0,1.05433651387981,0,0,0,0,0,0,0,0,0
385,0.0145137040182044,0,0.520103354613325,0,0,0,0,0,1.04813964401308,0,0,0,0,0,0,0,0,0
386,0.0147437049600365,0,0.51975672447364,0,0,0,0,0,1.04218378411699,0,0,0,0,0,0,0,0,0
387,0.0149791232122021,0,0.519488537709539,0,0,0,0,0,1.03646437755995,0,0,0,0,0,0,0,0,0
388,0.0152198259458583,0,0.519298844345467,0,0,0,0,0,1.03097742560767,0,0,0,0,0,0,0,0,0
389,0.0154656858762493,0,0.519187699604268,0,0,0,0,0,1.02571934259191,0,0,0,0,0,0,0,0,0
390,0.0157165798521815,0,0.519155115663998,0,0,0,0,0,1.02068682382015,0,0,0,0,0,0,0,0,0
391,0.0159723875654669,0,0.519201020572998,0,0,0,0,0,1.01587673089197,0,0,0,0,0,0,0,0,0
392,0.0162329904954142,0,0.519325226579746,0,0,0,0,0,1.01128599801614,0,0,0,0,0,0,0,0,0
393,0.0164982711913143,0,0.519527409620587,0,0,0,0,0,1.00691156191171,0,0,0,0,0,0,0,0,0
394,0.0167681129823167,0,0.519807101221796,0,0,0,0,0,1.00275031695106,0,0,0,0,0,0,0,0,0
395,0.0170424001897874,0,0.520163693623196,0,0,0,0,0,0.99879909637694,0,0,0,0,0,0,0,0,0
396,0.0173210188201229,0,0.520596456628306,0,0,0,0,0,0.995054676367744,0,0,0,0,0,0,0,0,0
397,0.017603857656436,0,0.521104563472199,0,0,0,0,0,0.991513797698894,0,0,0,0,0,0,0,0,0
398,0.0178908096370015,0,0.521687122554402,0,0,0,0,0,0.988173199121395,0,0,0,0,0,0,0,0,0
399,0.0181817733955211,0,0.522343211871082,0,0,0,0,0,0.985029656712492,0,0,0,0,0,0,0,0,0
400,0.0184766548388156,0,0.523071913256224,0,0,0,0,0,0.98208002407492,0,0,0,0,0,0,0,0,0
401,0.0187753686478552,0,0.523872343996385,0,0,0,0,0,0.979321269167505,0,0,0,0,0,0,0,0,0
402,0.019077839604851,0,0.524743683930558,0,0,0,0,0,0.976750504582692,0,0,0,0,0,0,0,0,0
403,0.0193840036698028,0,0.525685196721766,0,0,0,0,0,0.974365009134237,0,0,0,0,0,0,0,0,0
404,0.0196938087525495,0,0.526696244549201,0,0,0,0,0,0.972162239612745,0,0,0,0,0,0,0,0,0
405,0.0200072151494168,0,0.527776295989631,0,0,0,0,0,0.970139832461023,0,0,0,0,0,0,0,0,0
406,0.0203241956357668,0,0.528924927314254,0,0,0,0,0,0.968295595886388,0,0,0,0,0,0,0,0,0
407,0.0206447352262007,0,0.530141817810747,0,0,0,0,0,0.966627493548614,0,0,0,0,0,0,0,0,0
408,0.0209688306322602,0,0.531426740046032,0,0,0,0,0,0.965133621439031,0,0,0,0,0,0,0,0,0
409,0.0212964894628871,0,0.532779546214534,0,0,0,0,0,0.963812179905292,0,0,0,0,0,0,0,0,0
410,0.0216277292254765,0,0.53420015187394,0,0,0,0,0,0.962661442989467,0,0,0,0,0,0,0,0,0
411,0.0219625761950881,0,0.535688518462166,0,0,0,0,0,0.961679727348774,0,0,0,0,0,0,0,0,0
412,0.0223010642263516,0,0.537244636023007,0,0,0,0,0,0.960865363034277,0,0,0,0,0,0,0,0,0
413,0.0226432335869775,0,0.538868507552164,0,0,0,0,0,0.960216668329396,0,0,0,0,0,0,0,0,0
414,0.0229891298827686,0,0.540560136107395,0,0,0,0,0,0.959731930361238,0,0,0,0,0,0,0,0,0
415,0.0233388031277998,0,0.54231951544556,0,0,0,0,0,0.959409392535057,0,0,0,0,0,0,0,0,0
416,0.0236923069944891,0,0.544146624548565,0,0,0,0,0,0.959247249163973,0,0,0,0,0,0,0,0,0
417,0.0240496982591904,0,0.546041426028766,0,0,0,0,0,0.959243647052829,0,0,0,0,0,0,0,0,0
418,0.0244110364414628,0,0.54800386809133,0,0,0,0,0,0.95939669329274,0,0,0,0,0,0,0,0,0
419,0.024776383620459,0,0.550033889492161,0,0,0,0,0,0.959704468153301,0,0,0,0,0,0,0,0,0
420,0.025145804400515,0,0.552131426769153,0,0,0,0,0,0.960165041726053,0,0,0,0,0,0,0,0,0
421,0.0255193659902469,0,0.554296422939247,0,0,0,0,0,0.960776492867041,0,0,0,0,0,0,0,0,0
422,0.0258971383552092,0,0.55652883683656,0,0,0,0,0,0.961536928993382,0,0,0,0,0,0,0,0,0
423,0.0262791944032032,0,0.558828652308052,0,0,0,0,0,0.962444505389658,0,0,0,0,0,0,0,0,0
424,0.0266656101632664,0,0.561195886571352,0,0,0,0,0,0.963497442854154,0,0,0,0,0,0,0,0,0
425,0.0270564649237546,0,0.56363059716283,0,0,0,0,0,0.964694042741884,0,0,0,0,0,0,0,0,0
